0xc03D1E2D94dc8fBCD7b015FD8bA1267245cFf2af,2
0x8b44b14891dA20DeE9e64cbBCe82Dcde16826522,4
0xf5fBb094EFC19F71800D6e73E6391E91505C08Da,6
0x67f299fA581149906781c594A54117660eC33a70,19
0x9f46e16E3fdf112497BdF747AC0C8C86eC43800C,7
0x7959F8719122B96fCedE26A42a1c4b98D8a38e68,2
0x0EfA0942e94DC5e2Fabf90dE6474d616006FaD13,8
0x89d95742c0EfC943D13FbBA445E82a171F1fd1c7,2
0x72b5216bd6Ee23a6FfC50340263dc9f8606DFe49,2
0x3A03637135040de578cB18D290c6fdA9bC684a9a,4
0xDC0B3127A71367227311f02Fe4Dda2A6cCDbAe78,4
0x5870F14442fADe3f06cd277D22057476Db38dfdf,2
0xa79375e123D00677386f59deB609F931162819Ec,2
0xFd837Edc564122Fec7f55ca9AC6c2908a6dfC4Be,4
0x7F17af2447Bb713a46072072cC9A630C2aAbe27B,2
0x02736d5c8dcea65539993d143A3DE90ceBcA9c3c,5
0x22115D784e9021Eadd07079d35ED0f5c87F78e02,2
0x8a5078f5cB70F6246d143287F8044c62a816088F,2
0xeea89C8843E8BEb56e411bb4CAc6DBc2d937eE1d,25
0x616ed054e0e0fdbfCAd3fA2F42daeD3d7d4eE448,26
0xa6e4d2Ec07720403035e775BAdf62Cf58Ff7881f,4
0x609a462053da45071c01583d9f75307D00A5154d,2
0xcC5F06a85248997F763C4615c147EAB5741d4f51,4
0x8e3FD2bCc32D0aE8E2133d36e4437fc7ddd9F42e,2
0x915F1c5eD6F54Ea08C83c552DaC619cF7844C2c4,2
0xfEFbe4cE8C79e2FbE6De722613759Ae4bf866E3D,18
0xB25dadC9bAE40bB57B8C13E75FCCB2ea2AcA076C,18
0x7b0ee0cB3b4a371F373688491ff6F8007BfC466D,21
0x22F7887308852d74FE035dBF42f3462aa8151709,3
0x7fE1533C2e9AaB11d0e5074274EdC53Eeff8d840,2
0xCDEb7C898602ABbfBC3966E7ce13A8b498b79Ec1,4
0xeA9952Da4C95e6A2f0Bcdc96533ef65E27554C21,5
0xa696476c4bd332677c968b83d24b643e2d727b8c,2
0x7401572D8B4E07F89579D804e267ac000C8C67cC,12
0x66b9793bE4B4e7c105d2E2E687688617003E4984,2
0x4519fE6e35dD128e7e729b5B6e63CbbEAd69D22A,2
0x0295cB6Cd98AA3f2A8ae832a1B9C6f2B8A7160Df,10
0x2c3474Bfe64cD9748be69D24c30cC91639265e68,4
0x27eE8FA6a70a8F156008EDe28C7B8ea5F72fFdF3,2
0x959faED572c8d91FF4b3Dcb25c511A33b45e3C26,3
0x5B0a71Adc22365A7521fc1B552B9D59d442C8eCE,10
0xA91332336a3203a03eE73d65F951238Ed9348405,18
0x825d18c3ec1D54F61f463F1f97aD070F1A876F5c,2
0x527d968af4283F20924c2e5b8dFF867Aab566478,2
0xBE6F5437C3C73FA238628Fb5dA61A1A07ea0E8f5,2
0x484749B9d349B3053DfE23BAD67137821D128433,4
0x99ED7190511ac2B714fFbb9e4E1817f6851EF9f5,3
0x0CB7A06ec845EDCA1AF6DB6b6538C4Ca0942019A,2
0x379c8800dD777EF5fbAbaB6689f42d3B31d09BB9,3
0x0B7296E040B1DbE4da52172399221FBbc7a9a28F,2
0x042A870f6EbD7E8e8fB739483Eb103ddffCa3B7d,2
0x3C8Df43a5C6C4d3cd60414cC2BC966DB27d3EdEA,2
0x6B1335cdd9f146162f8B4103aFaE087e3112856e,3
0xb41d97AfcD144Ed90fBc45E14d10679b8d1027e0,2
0x79137D62F126836f96FED0fE044C7c0023F6cD15,72
0x92bF5c3F68C811A2B216a06aEF397A60F5465832,3
0x71cd6D39773b5330B116f5c0302F1f02334b4137,2
0xEC0408F9fb4C25a98E60B6E5715cd059B1Fa172f,2
0x46bD21A1F5921e33c490530392099EE61cc4C888,2
0xbC401630C1523a27C725ad6582CEF2b28aD44525,7
0xe45432CcDC6b2B2674bB1657f9f566c9b400e7ac,2
0x8dF676ba0298b733C2311Cffa234de58849Eb678,7
0xfD70b6aBD2f10D5eF83595C4557bce2B4e0FeFB8,5
0x46b2bD5C888E6d57a839c559FD6076F2c15A8cB1,9
0x40e5FdEFeF323A93d5D029122Bc614c938aBe60d,5
0xBd8F54E7FaDc92d2CBb2734471B1BbcF9A3c6d12,28
0xA9D59DE5b2997CD295CC0a5B213499D817CBbBfd,3
0x9318f724edFCf60066A924DDb9133A312BECf0F7,2
0x1fD9F1D1044fE6621DC25AA49EB4c6E36264440e,3
0x1335529F2Ed27DeC0195075e8A158495493eE10F,4
0x60733d5e8dCC5D381067C60e38A37458D0fcA34f,5
0xEe2cb4cFb8793bd9f225b6A379158E0cEef5c9Cf,8
0xaE8B8Ecc9535F75FB3C25021e5129d522013ba3E,2
0x0ca952064FfDbbA15f8D37f9F68DCAd7562d23Ad,3
0xEB68360fa0Aa81ca313902A3992c308256F9B58A,5
0x48986C0Ed1e324612b66E149f808eFD1030723D6,6
0xf239447Dafa45D4FF2136f3006d445908f43E9c3,5
0xEF36f4d2A2f04D9284b1758518A9B8C6371ACCEa,2
0x6fE871bca5481eB2D52a2B60bCd3a880B4DC82BC,2
0x4efcA409987e139d94d56e7D2e96E61a23ac48BF,9
0x0974FF7E79d93C462421f23520c0e6BA300DcB97,3
0x44D5a0B1E165A17c16d940ca774a28e62D4b44b0,15
0xa5B7b4eb029295159D9b3df038B343a2169032d3,5
0xcc92435be94cF6Ab542fe93A230A6b507c6623B5,2
0xe37f73A27241779449Cb813a0982d8C4775DC10F,2
0x4Fb160c83362801A5Ea6bA4833a75CC49e86340a,4
0x32485D1c9bc99689C6F8a92Bb96F24DD58a3ff18,2
0xa0c08f25FB30F43bc83346aD3049295dB5EcF5b6,4
0x02F5e6eCEE3BC78DF0b6Ea02217450C62e6aA39a,2
0x9D4c0A059a8b2d1e74994178d8A93D5BfD925f58,5
0xF4437518F3aC7aB3B2F5ecf4EBd035634F3C28ab,2
0xF71eA421c931A5fe80C8E7eB13c2565aC0887749,3
0xC536A0faE10e441da39b85F93E67452881252723,2
0xA5B768CeDA1f19144646E84354A0F825b144BC00,2
0x1e81fC49f8eFF03903F706BB631bdF01003F5d24,3
0x3E4FBAa149c7a03eC73bEf6e62B4FE3183A640ba,5
0x86AB846eaB1db8ed6F410cbC7c5497de0B7b4536,40
0x8f8d26958922A390f54057c4dB3D181cD8b68662,6
0x8A13EDffA660b3161A033737D85A8A7E96b2fEEE,3
0xd0f716638fD372a5Ee3656B512EDA6691907c3c4,4
0xA315c96c0903B6A5F0c997FDc6B257851017590B,2
0xe748d9c6133E675966d2Bc2e62187e19BB076B8E,9
0x9F228178891a3ad0022D805969F03E81f2b8C4c7,4
0x2eB5e5713A874786af6Da95f6E4DEaCEdb5dC246,10
0xe3E182bC39951F99AF86d8CD0c42a4B7C4CD93F7,40
0x4cC6894D2151f32B75eE8341f775a650F544d814,2
0xb9F53b2A24894fa7305722683184daFfE90e8586,2
0x43De3A240979A1922784cf26ED4E13953166a119,22
0x399cEc50715D7747f008FA6e1221c7f9744bA9A9,2
0x259ACfb2Ec39C193B3cC62b5f0d045CdAfdbbB41,6
0xFff56B9b97a1f15eC64c9e4B4A357F453E7a4026,2
0x2F6789A208A05C762cA8d142A3df95d29C18b065,15
0xc67ea3CBC79aaC80c8B95c8665d509a5Fc18e715,28
0xD76ED14e9dbB0983489f4a1BBB45EC18AC78B7dF,10
0x31E985b4f7af6B479148d260309B7BcEcEF0fa7B,17
0x18bd67eDbcB6E1072C0fFdCA2add8fec805246dB,4
0x0F9bDE6AcdaC686AcC72D922fbFA2B69CfC07b56,45
0xf1f57B31a953f8e481C5c8f52fe38600268dBa14,6
0xfA936EE218C7bF84f0F17D8D04Ed23571ae3BCa6,2
0xcA7B4697e1175aa9Adaf53810fEE4476ee7f9a60,2
0x529a6850338cf26FFEF3F9e0978c465ACc267D14,2
0x91bcdf99E826adbc43ba4219076a7b2292370c48,2
0x437BA7aF8E1F1BD52b73f4122c5Dce668fA1dA2B,30
0x026995D5BF3eD2b55E05312260E46B5fe263b8d6,4
0x09772A369928Eef2A53b576FC95df97AA819C20a,20
0x259F962e77262eE8d97cc6a112D0E0321323ea0d,20
0x10FE160Dae09a8D2fcE9D19767f0E888237cDAe1,19
0x59455BA3D00Bb8cBeAd8fE6DB3973210e49D4303,6
0x9369b3B4982D355bebD2a2Da498efa183E9db442,2
0x827E89bc6DD5e6c75450E878F368Af069B7f86b4,4
0x3E55922e43242FE15E2D938F65ab875E0f384d15,2
0x53699e5DE1ee7202EeB3EBA53Ea5723712b4b2A1,2
0x8Ad856990D9a56f81525609Fa9928C6E1f520704,3
0x32AB4262DF2C10ccC199F5f8E7332eD507eF3EA5,20
0xfD33921E206AF4a5D086662b7E7754a7A5CfD733,23
0x96bBA2988A064Af2cA6028ED21d53DBD6cEd2B47,2
0x089aD55045fe72f1f77eAAC7e166de9e277600A5,50
0x5e245DF34c0aD035D549738186E4544247F456cA,2
0x05ee25CAeF5E7f334Af8A0466cbb509b70805D85,8
0x1684427375f4b67a03b15721F9269D3A79217e96,2
0x49Ab0dE9eA53303a7f1F40A3a214f51BF8682ce1,4
0xD83C7bcED50Ba86f1C1FBf29aBba278E3659F72A,20
0x2B82ad50033363fFFC3cF001743cBbBB83CDC11A,14
0x4eA1577b6c155A588A6c18767E6FAaEF51091aC2,4
0x68746aD0899d9f6dB71c27A0FA6b9Df66cf4C4f5,3
0x9F80C7dB609644bA4A99229EeeD1E19871794171,2
0xFb2d91e1067Af0F5E184589e5eb780C5CE50ac46,5
0xab4787b17BfB2004C4B074Ea64871dfA238bd50c,6
0x97a4E84a0c1945B0162B2A92f9f566B7Fd815f70,4
0x5108C6B3eB78D242Ba6C1a293A3C4f3Bb6DDb021,11
0x6a0C939B355B700192315f24FaA80270d33F1115,20
0xB66621E67c5A07AAd2F5e2F3005C73AA9d61226A,7
0xb67d58CfFaE63A95fB380b952E65B1A8eac44D0b,9
0x906E90dF32f9b6B06f2d9939633B085346EEa10B,39
0x343f43F69b26F44CfC1206e5B11bC0BfB3a1188a,20
0x1eAdCfa2Aca8b493fd94c19e367449f95BcDEeDE,6
0x0D3b257B8ba5c6Afea78a0A018dc81bE697d845B,2
0xd81415177c91DCDe8c5615914C6e5Ab949188bf3,2
0xE0AF6F8F3090687918212037508fFecBB924377F,36
0x61067CF126D738F52ba6AA48C0f5da861A02Ee06,14
0x24a674FA3E3A7775Dfaa4849C5a5640CF17095ec,20
0x4a84e7B41268CEa744C0f4bb48F042Ef6F12686B,2
0x02bBE148036A2e6a74e3F99E9FF5653d301829bc,4
0xdC8bBaCAc5142A91637c4ebbDF33946bFB48BC50,4
0xB63347d5f92147E0517E7A21766256dfA8Ce83a7,3
0x52009393Fca73fa6dAA0D0bfeBeB4719d5Cdc713,5
0xF64c00c2693dbe08400Ab0a263408f457F70a829,2
0x8011F9Bb55e6BEeC05BcE1e64Ff669eAC33afDa4,2
0xc207bB34C700bf8a3eD7b9EbAaC25eA8278CcC26,2
0xFe46493aDc73cc6fA92617b64067841c3f0018cA,2
0x8A06B6cB78d1d4Ba4DaF5c1FDEfe6F4e11282216,8
0x5E03b07aE157EE1CA5BF2F3CBE5BC8dc38F3e965,2
0x6bad0dDf38f3B9C43Bf19d3232E2b4e78A2dcD5b,2
0x71039d40ad2123b23FDFfe56453E903a515E5ac5,2
0x6ed5a435495480774Dfc44cc5BC85333f1b0646A,2
0xA72BC016Be8F075Fdf24964FD62c422101574bb4,6
0xbC6600847b27ea353D0D041C721E545945e5E0A8,3
0x5E231b0b9D489beEECF5B18D8d10377a9A01BE54,2
0x887b86B6B6957F7bbeA88B8CEfD392f39236A88C,14
0x06A8b1E208837c85864bFd62B933D2B13bDF2dB1,17
0x7eC3A120F24Ab172842eb13cF0ce93d91f939c1e,4
0xb1f853260D054599bd6Ec9a3e85e431c962d71ae,5
0x28970F0AdD5287b14E1A5E9ABE2FA05051a2d10A,5
0xe66119846a1Ebe948Ea147656B08742479cEf006,2
0x1FEF500586a301D843A8049b6FEFB920b4888513,20
0x3c46A9B26a12713eA9a8afaaE69c882baACB7d6E,3
0xA9E3CD2101531c0982D35875c4fFc68A3f05e2a5,5
0x146A8605Bc2F953B31C0497090dbBfDFe103f65C,2
0x587C2FA9802D26628B54e994b73B7D9A0B072408,6
0x6b22035d9fC6f5F47A2F0a1f2b2A188857059Bf5,4
0xAC588Ab04BEeA9926E3FA1C81DAb2Da55c2A528b,2
0xe6b8cb31dc0aCe7258449C091F4B3EB5DECDeC0a,2
0xE7c7652969aB78b74c7921041416A82632EA7b2d,4
0x019E5C8B95692b9f82B0E0aB86F51B539B79FaBa,5
0xd524FeBf843D9E22c9F4AF78B1Dd0428e7f8BC69,2
0x10C342c1188Ce7c8b3444D8c7b99765Dadd5026e,2
0x812Bf3ECd72bF815Fc5CD9c0D778B8b511cFDF18,3
0x5221D7d15D2bc5CB7cD80858CfaEa4849850818a,4
0x000000000000000000000000000000000000dEaD,5
0xEE3f530Ef6Dae8e886Ebc350C44F34b42b199Fd0,8
0x833F91f9Ca3F4249b50A36EFCE2FD3C6Fa9A1746,6
0xffe146D49dbddD37053552a5E5F53c69646e90f9,2
0xfCB4cf5EA91Dc8A59Fb0aE575BAb599cFbd8EA5c,107
0x979284053AA656630961bFbcea2E4aC233B898B8,3
0x1B7e138Acf425595C7F6f103F0476355702749c5,6
0xDec7706416A8262082c824D1c2fAC4532b0881Bb,5
0x874CE968c000A490726e1c2F21E5B0A3b8a09683,4
0x94D2691B5e7e169C6Aaf039DaDD4779Bf51b0ad4,10
0xeb298223F82EcB1e8b21C9F0cA5E7ba7a98C732e,14
0xB6C1fc760a0ED5825Cf54a104fdad1F954385D34,5
0xC697BE0b5b82284391A878B226e2f9AfC6B94710,40
0xaa5f38267Bb659c59735F634a078cefA826dAcF7,15
0x5a8167145a4b67c64c76D1a56aE713AbeE0a1e8F,7
0x93A9dABdbE2438e6b15C184d30043112c5768D5d,3
0xE9ca29854Fa77251365D3BBc276DC69EF13AFDA5,4
0xdCe8b8C7260AFd32C258B9fEfF832234ac589bcC,4
0x355559377df6a368Fe1707091F1f2B67A5FA0F52,4
0xcf0eBC22Bad0695b25482dd93958B7B848f5C6e2,2
0x3f066342118825bdBBD6dEdC07C2c9f1aC4C744d,3
0x168e11608031794075B34ab33Ba50c00e87bD0d5,7
0x545AdcF5C9E88c19343E16e7ddbf4BF6c3e53bb8,2
0xc567EE384df678b217a28897e0d1E4B944624e12,15
0x3f6E4667Fec54733Fb3B15993B9Ce96B69B65cb3,3
0x4027551496C1c3509015FB8809bed23cbB829b06,5
0x68c0e82B69C0484186A3D7A66fF3CE97e385176F,3
0x8C292e935181e3Db52197961f9Fd1dfD6109984c,5
0x5Ba2427f5089B0848E44F545f3Cd4B40aca7B3e6,7
0xBDC8542FE776F8712AfC70b2bD147fDD0115AD54,10
0x5076ba0c8999fA1A84552C40284bcb3A39e25788,5
0xFc26473B2C7A3368645da7Cb9C5F29e4d15258Ba,2
0x796A231Bb71B9c892e27900a24C87889d493390b,2
0x403B12713292B2882e8694315d7938f78f8835B4,9
0x2f8b77cbe3Ecb1D68E855FeC9493Ea9184280460,2
0xfC9dD877930e9799BeB663523BD31EefE3C99597,3
0xA7F2c801FC59E0CEb4A8E1E88d14321DDAAb3B1E,2
0xa101B0108b1c694B4e29049fdFA34dEF3c82d825,2
0x30645a0F9b93633453493cB4029Fa9f2a4e9460B,5
0xa8674b0F20d44fE47A3F733036038977cC31f8FD,34
0x4e7CD3458CdA9c75C39C40b4393108141ba0e2f7,5
0x2BDE80e4c73DE5d34F9971fb970cf1fbEB25C953,4
0x388E07d4fc7f3e2c825e6cB1FF46447764798b24,5
0x9408e4a4f742C0DAa2C37123078feB25b53f5C35,7
0x1087eF30D31359A09355a8a851180A81d0E812C3,3
0xC3580D20B7577e7388eFF874ab203acd6FfFDB30,2
0x19a7454322121388Fe9C30B60D4F93f1EBD5a8a5,5
0xC330a9325F797DF58103bE50b501f8B711dD7169,9
0x209af07A4B6b2D15923ffa8C3d41cDAC49BC6c4F,19
0xe992dDf0b8C000583Ffb832bFc76D9F9A9b0A66f,4
0x59FAC300967F99d61883d6328d4804B49005829c,3
0xa217f131c0dC2CD06B96D0F928fC7160a4bf54A8,10
0xC008f457624733E5D2dff6196a797E83Bc7f9723,3
0xf6135FBA14Ff43B7cdC6eE1fB51C4b14f0E9054C,4
0xFA78B2F26563e3dFc06670704BB0807B5B731DBa,3
0xF35D29406f94972a75641505b7D38E29E6986442,2
0x08571f0D4938Bc8D42a984Ecc8D24971eF14734E,2
0x5aE04587eF7F1E6E3D10ff356eB42eF773f86d6D,2
0x587056941176da96A212E4C01310C7BfAe8D7DF9,2
0x5fcE56A1f4248E714BcF358eA259DffC9666847E,2
0xA957a2705e2bF3469314509E135aB02141d0eEFb,2
0xC19Fb3C9428A1F985927F337edA51b618d6b939C,10
0x9E122b96f5A74a6B86E1669Ff385B9C2f4e5a909,2
0xa8ff20f8825C758C8404B9EDbee354e7C4231Cd8,7
0x0F214da206e949aAA1Af138CFdC5345Bfa45AF87,5
0xc887fAdC6baAa8cD234d9104A65b37265522b024,9
0xa4E7A9d859e4212c26712c99Ce41a2b3ba6f3dd4,4
0x9d676D4564E43cDdF9318d9a50c988f62B210179,2
0x70F70E9c13bf5D960014447EEc2695C0F7e0E224,5
0x0F8176c597aA2136b54bCA3F10e098c668fA2CcB,2
0x844753A6bb9eA0F11f1A5e7cAcA731aff019Ca1A,2
0xaB35538D40bdB9a093Abd8cCA9328FE768F72748,8
0x6e9Bb68ee1A66C18Ff7E2Fc9B1dB567127b2244e,5
0x94c25eA64eB6c041f4F363cAE311777FfA1ADE2e,15
0x432055FB1cA7DC2Da046ca09c2B2b3687D24D907,2
0xE3371DC662e0186888562537a0636E53f0C1AA0E,2
0xDfff64668A4703e156CC4c555fb8E0Cec66f325b,6
0x8D7e24E277524c72451041F73fe95741Ee16C50e,2
0xEdB42C93E8bA04cF90e069eB78be22CF8dD91066,2
0x6bB22aBd347d77b2D33f03231c87546264Ecf230,7
0x5b3eDCdD6d48c88bBf20Ca469af58909a4C42030,3
0xD9C1a827E9eBE06486c3975D6e4A2576Fccf1b02,3
0xe8d0587D82Ae54b0dd1F8E234bA3f0Ce1E2f047A,6
0x1393Fee668Db9245158Ec549fD2CDF24b09AA911,4
0x907916d088a613D6FADd5F3A2DF2ab7710a7C3Ce,2
0xDf7d9cbC400ddd54a3f17a064D3418dc722b351a,3
0xcF02AFf3cc6302Cf5FB3DF55dCba6E78C6FBA2e8,5
0xCaDB44cd5C22908896676B9b4CBa0117a138ABC7,2
0x4326D074A8099452B80940034a9766783C19f6C8,24
0x7DB0A3B33ae8a1142dC72BcEe61C5B4f7BE09186,20
0xe54CF30A3F31f3076e9Ab5bd122379545a137B4c,10
0x2b02d605BA4E59E667b3093206cd704271316eAC,2
0x2C3C7DfAb66A8f5Cb024AC8431cd0261f5c057B7,20
0xB96Df3278cd2F90A24a4c0f86e6E6ea6e5d2C8DE,2
0x6E63a4CAeCcb4F341EE9C9175c9Cc554bDB6d10B,10
0x1138Fb5D67eDFB059A061324E19Be601431ac8fF,93
0x720b304e1f7F2ac7d1E60B03289B13a8A764F315,10
0x915890C9d0F224aA11f610b13f976c15841B37e7,5
0x4ab473aDf23189b211f8D3B28a83d54051B90C4E,2
0x689718E26B3a6bd39d893a43d8CC2854F69031a7,2
0x6E2D274eeEC6063f3438c27Af17B209806E96847,5
0x2106225109714e1b82C679D35aA6c6047a71A2fA,3
0xF18CB228F8eA1f25329E016BA85B7f7600ebe9fF,5
0xda44c548aB7b6842FE149c7281DEB412d8F84E02,3
0x8F1C1029eDA1Aa7Ae51D705DfEDbff1C081Ce67e,2
0x7A349a913243C84B428CCAE73f1a6636235B151a,12
0x52029325Ab640c933e86FeA95002C1b9A774A6b5,5
0x98469Bf6cd84750ce85F33ECf01540eb23Fdd6C9,7
0xcD00F5fa85AFBB6a3e16747B2fe28d2CD1EF7517,2
0x9087c00f653D7ECf7F45a5546B4A767c9CbA712D,2
0x6b6bF02e4b593037cb5a103c7f2F783728F872D0,2
0x662A7502e4f27Ce79b5ae60a9228f1d664975105,5
0xE8DF15b815062f7A2516bB5d4178Eb9c8d9Ae552,2
0xD5429F831374674A7D878c560C169F833F6144D2,4
0x477D97B5beAf16c6D9ADB5BDe33fA11bD17b73E9,8
0xA96da89Fe68c057417b7CE6c5F74520F882C4d61,2
0x59184C4842915a2B7367a817d90dcc5543895AB3,2
0xf5F802dDD72c98791a8659054D4852e97F90C9d7,3
0x1588846AEFb92e774E7592F05b42defb500F5a2B,10
0x9037f3691639D62a4FeDd66c6419003ACB294807,3
0x24519bB072e7303fE40793a7627cD1DD08EAEECc,30
0xC5442AA3bFcfd998c3d1d5d197E0D8bA689cC3D8,3
0x9de3d7a01112E9B64D544B450041A81ea63Cec76,15
0xe2255aeA86b7B11CA757f9721478008c599d4014,7
0x5551935319Cd516e455542ed76F5cd1707a741d3,5
0x19628E3dDFA0805dEacF623b2F37dFB69f526446,5
0xd64FA811cAa612D2FC66066b24b0B54455e6a98a,60
0x887C42906B8A0D2EafB0d51CB60EC04f67f350f0,20
0x654008bF3694645dFE5DE36C77D20f054FdD9F58,40
0xD48Ab39e30A9546Fb0729Abb215cBCe336ac5354,4
0xA402970fA646E7A2946084e2591B52F285E4b498,10
0xB5363A2c428F77a6379Ce6D8d77E93ACc9BD9503,5
0x3463dB771E99822F26dCf57CEfDAccA3301c34D5,4
0x1a3Bce85e096e8158A2d6d508783237f5732bf75,10
0xb92EC1a4ef46A04b4060adCd806ad05dee9d4025,2
0x2856BcA7E7D1e55EdD9ffa3d2B7425AEA802A4cf,3
0xD239fEbd25f7318ea099E1b4Eb2c2AC9e1a0F787,4
0x4501Ca51c95F3F9Dbd1614d30d3D22d6c9643B16,2
0xc2598A9288D590A262e52135AbD092e33DDf7EF1,2
0x2ea4815F47D685eD317e8bd243b89bCb26b369Fa,13
0x9bbC40383453894a5c17eC616277BdA3d61265c3,2
0xBfAd8f7175E5a5A7d47bFaDBCE23791779Dab25f,2
0x8e6B49Bd8D2D05D387288CCE10BB1F870D0B4a7d,2
0x2308B873d4305C137fc6631138036fD9c0a51ecD,3
0x965E5987E9A93320dE59045761B11851006ed128,8
0xCa84668b4e44B66A548C4554117899c16022f337,5
0x2566902b1d7Dc431f23CD0166a5A0444BF9e8200,4
0x5D080b5D2718bd65678c9582519EB876c3042511,10
0x4FFe858b37c9398237246A81885c5d4dCB38245e,4
0xaF37758c3787D31f59CCD22d3358D28317Be7B35,4
0x95fD5C3C7e576b4c674E1abFAd95f1Afa543d49E,2
0x6E819c9679742c983444940e5dd1463fEC04CF96,2
0x52fB4b31249eeB3036CbE4e8b04353f90Fb935A9,2
0x70A54dAfe13f0E104314c9150c018E229785681b,4
0xb2348aF985dA5d5399D5cDCB8C153fD6B85c5a34,2
0x7FCEa9a8371f0b209b732fb05C5B847D67d49d17,5
0x71E1B4D9Ca41A9641432345F57e1A6B58A5798DC,3
0x0bAe8dfe1E0C2ad35D56C4D680b1bC07e267030B,3
0x30fcc89DB9156a1acE72c4D671dD08Ba69AF9901,4
0x0d6b55E4f8F5F6784d8F56d619a34675697fa334,5
0x996e1d4ce3e1e558889832832004B2466153adbe,20
0xe6569213085bB4ffe1e2aAAe9E485d3082A6c4d9,3
0x7A57BC71e1087a451242CaD3019A6bB582b4a73B,2
0xe64035b143993EDBFB7743a1eb00D9CA76a601e8,3
0x3a61c3F67Df48E3f73509F6E58621a746797a645,2
0x82894c3Cb69f113254E848162e42dd2c5b7964E8,4
0xAf1c16F1370dEdad2784287595f9152D8A1575d3,5
0x0bf46baCF9565e0b8570d2517e599f13CB57B244,2
0x73dDcEafc7886969A8E21cd58E96CCABe85f728E,7
0x111818A51C4177E8980566beEA68fe334bE7B76A,19
0x300f9FA71af11E3d327063d4cae291E100DED521,2
0x825aFACe2f312BE935594da8c6936918F8939fBc,5
0xD9cc905554623a1F8B75b03c52Ce1C091b04a33e,3
0xf4EB38692B461F5bA43a27759eE6D2A0fa210824,2
0x7Fa36885403bb0b32aaf64D1CF250b28C2045eb4,2
0x997CEC591fcF61E9d52070A6bF8567fd718f13Ec,3
0x700691338639772aD32D66D805df44b9FdF2FAC7,2
0xA51b5e9B89a59235DB4AD11DD5dB0df53751A678,3
0x898ec03947EF6b18d0064665FcD83CbEF7b92f96,8
0x5BBDA405FEB53fb457C086eD8A941e7535F6130C,2
0xE0Dd8C40ACC74005C71CE5d02Cd5116A2eEDB1b0,3
0x81330Be4C870bf7Bf10ad53a1Bd1b487B166C0e7,10
0x64072ae2095677ab7E8DF63E1fbae89b6366d6B4,15
0xD8245043a3f339400dcfFFc7A9E6F22a264b933D,2
0x89D6C62BA6a5923178C210090Eb6c1553b3D78B3,2
0xf8cE2AB6Cc2baCB50b795713619B8c1a2204f71b,7
0x161A7e9a6Cbc711768aB988E22c8a74094F19a49,5
0x2E4acd4D8051B9d4Febdad7E2182f6A1fC4b16e2,5
0x809023278F4AaF85A330CDf9378960837473b139,4
0x88e110D90A11Ec35060588d992edC2255dEB9813,9
0xbd945e9c9519fFFEC7c87b4a26A89e522b6ba78a,2
0xD73d8B381844e0240e3C7D28FE6153cEff185471,3
0xF29DBC79Ae222677f8a91dBe55Cf052e61c206fD,3
0xF116569b3f888D639372a5485685A6D8EE28A593,5
0x0951Df14fe6cf17b0c716826A3af7bD1BCF7F460,2
0x19fff7b830e828647059e636d1FAeBE0125a2ffD,8
0x9662E8BDE5753a5cB6983E30B9f5fe58747995e2,14
0x74F478D2a6183Bec8350EEd40539Dba9E449567F,11
0x70A9eD83ec59A036efF4aB57191bF464226570C3,3
0x9c3AE4583B65760A206A873A615Ef7B5a6d3EF2E,4
0xDa4724E7541cbB83B6A9ee69aE873eD6d1cE1f73,3
0x579a28f0DC9800400234516499DEaA4DE5be0e25,6
0x43EdD67906Be6a30E05410226737bFb41804c789,2
0xb4cF8b089e5Db3Fb4267D3533d1DaB4e9C10ca07,4
0x9bf5eC09882ED01AA09F930D585b1E4F38a7251e,3
0xF46AC5D16e5392d6539f1e7A2188b280197db7c7,5
0x08CD26353a3E982d230f856fe9b48f738bB94C3D,4
0x0f8340910B839e92bf184F68820EBA879453D7a9,3
0x28B5B1803b0C7811bf063c63ed5DeA48cf681210,4
0xB75B28f587df737264ad232b48DEC6C8aEBB4332,5
0x0ff41230d657f5B9a1119d4A61bD78C048398EE2,2
0x93894B6033089C014E62c8f73f8d34156385ebE2,6
0x47115466E589aDD0E1409ad75e10F965719f69c5,2
0xE13Da6fA1FBb125cf1572a999962Df267895037e,2
0x8CD8f1F6B55b2Ea9330018484Dfb5a91C91033eb,6
0xd141F87D356F7e4ecb97fb61c10123dfFF9C0318,2
0x083512814eC406E8388542E6c57F4988A7b23582,4
0x92B91ad7440f5B3D9e7e934F06a82AA97Ae82268,2
0x97a6c796FE543cABC2cA7aE026206e8B260C4dA0,2
0x0C2E0850c43D7c55c8A021D9C6204CBCd2c948d6,10
0x5C65EFBCE63FA52A2aE056aadcA9e9655eA388ed,14
0xe78b0AA223243DDC88CFebC2cEa7D58090bD9F3c,3
0xcEcddFBb21cF0C744464C35c83bb96Adaf8A8fa5,3
0x35dc0d6a6b53F400A3321c1B5129d2710A638eA6,4
0xBEA2bDE77dDed2336FA2A86Bcf0e2A5B167Ec67e,2
0x0d049FF9e69a3960a33eD27Cf63F5b53DEbC0981,5
0xDeDF15C9eb0946cFaa343aA92130D55A22E75126,5
0x932Cf9dcA4B14672A3192970904441D49C4BE2DB,10
0xbc6C3321AeDb3Ce478d84e1b2D97fd2B6debD426,5
0x44200D8f826783f7c0A27868f9D018dE9b58fa5D,2
0x4508540781Bd9BDd9E86F4504A74469F69624aA5,4
0x8270F57BAcF2356B86681B27Bc8bd2E542B5061d,3
0x773e49Fd7136540adfdD2E7c43B5efAfe3b4C885,3
0xF90266Cad2d218f57E8a6C6a085e97EF3232586E,3
0xa6D90b8b93835940Dd5455c57C9398216e58fa59,10
0x1216751a4684214E3B8C46607DDc5e9612Aa6918,4
0x826Bb7E4d3c298aEc6d4a75cEFd48C081DcB1266,2
0xF388B05d6Ae625403f4d4991Cf4F97BEef4DcF2B,3
0x9E3781496917F5feDaB2d4ECD5c7b1047c8de1Bc,4
0xA5b71Bac1a71C5c2A226B61E778C2a738Ff6b297,3
0x99a40e305Ea14c02873a0F2be92f974258F02836,5
0xFCE7cFF486C2bc704F27Ed3F21578f60E1775b91,4
0xB9Ef3E56C954ADF33401ACE859D06645b9F2aDa7,5
0x8f2D8527c94a7Aef846321fFFa47F06fa7230456,20
0x50313d556B5EA1f379a199707906FB1Ce297474c,2
0xDC8fa060dfeD2e4E554c61c63a8f2be7761b02f0,6
0xE81370108558D98F1AD0c6003453CEA526784B68,2
0x945A565Cbb3aC2f9D38E0c23859dcf0EB6C4337F,3
0x9543669F04f24bFA52B472eC77d7Cf6ff45f6aCA,2
0x49d790cb37Ff21a26A88a6e1932A07128805D906,4
0x5d5A479aEd00AEB079D34F223E5274BEA3104256,4
0xbf22FA288baCd7ad784814D3a6c2f593c2d51698,4
0x70Bd7B21441353772C1F177b32FD5F3A264d9F16,3
0x600bd434342A44c488B1925809196204bb2Db561,2
0xBf76bB79A69Dc397Fe60Bf9Ad49A14EB9CeE75C8,2
0x02c48D75B4E6CA45E254Ec957D6a99C319ca6915,2
0xf22F98F33ab92Bb03D93e2828624D9020566986b,20
0x402a3dc85647BF3CE0A7faF177311687d8B872Ca,2
0x3424959E689851133379e6060eB9EcD0e0Df7e9f,3
0xFf2BFAf7Deb3c03F8ddA16B7E3BCF0166D568Cb9,5
0x1B72265A9e26E979BAbAe646a3d6b63a423a5b7D,2
0xFf307296a445EBA4b98fDe2b2E2ecEE3fDC84745,2
0x6274566B20Ae3c98dF9F890C2FD9230234662fAa,2
0xFcdFFd4549e0C65911f523AA00F5FB548f06a4D0,2
0x1B4C43922d08Ca62279d99F896C3d1d39258C9F9,2
0x7a735f004991b42d1E0833Ce657410a1C4579Aa2,4
0x36Bb8b403846CdAB5721601b008630Eae76d0079,3
0xF51D05c6477F23647c0D4C9832E6A800e77621Ed,4
0x3153a63EE6E17eE2EaD344Dd99EeebDEDF5cF035,8
0xd13941AFF67C8fAa48b9AE1EB605FfB42CBc3eF7,2
0xfDB0B9046deE8B5ef8850943A0dA8018b188Ae1c,2
0x9A7c61f909f19b1b212ea45F3fddD173c13f2b64,2
0x60B27B6aca4D8613123Eef40FE8147b4E416A322,3
0x0E107529f2055F9c1A6a52Ff8e86EcD53F411bBB,2
0xbd1293983CBDc189f986bAfDA8cbf9f37fb30E2C,17
0x477EA7A022e51B6eB0DCb6d802fb5F0cFc3b4A81,4
0xb1Ab7d5Df7E164E8960578C9550592c82d020B8E,7
0x943c70792C2BCA1fE3cf4077EE88EFfEd6F0130a,2
0xB914D6De441Ad231A3F66d824a721BBf6B74237d,16
0xcFF3bC0454F3e154b5aD9737406338aB9BF47311,2
0xAE8d316E6BDe9B35660EA28005F4C748496c55ea,2
0xB547ad0ceE397084eBd0D579A82B6F743e118e0F,3
0x43De2a0d5358cE7212621de3b92d8BE3F0fd9D70,2
0x4f8Da33E723A5F4cEEa1cA6b46b1FEd024e7d388,5
0x2362AE06B615CE97B050c54aEF021855Fc68624f,4
0x5030331023273da8399775736a504d6A989dAc24,2
0xAC773459cCb746FF1f057D5B0c9147293Cdf4c26,2
0x503Ae8782365fca60c86CD742DC6bCbcaf70b99E,2
0xb5ECBa040D63c9bb76b0324a81297f12AAe38e60,2
0x4861C38dEeda61dB4F43AfcfFBf303f9f22cEd82,4
0x8d3445334EDC6b0b3cef917F70Bd82F3c5769797,20
0x738A1f6d79e592f726efaA3B8beF81797F408119,2
0x73E4FDD812a1c28706cFbD03249731ef50F6F520,5
0x2cB4E0F7EAB6EbaeA4d777C61F8A6D288D9A23BB,14
0x599B8DF00bc6C17413AC98F896B3fC478d2ba26d,2
0x6051BE619c976Bf24ff6053693f696C691cfCd24,5
0xBDBbFE63c2C65B85F980DF6FA94E82bD5faf3d61,3
0x2d92214855f88f1a3f24B1A3f8F6d533CD0e2E37,5
0x546C473F45d0472A08fF13505Cb28a94cE172a1D,2
0x41488921140aEA53D5CDf5bF396c3D313eBdA973,8
0x15A493480c4D52C7122886d2D45Fa0Ff2fF1475d,9
0x8fDf284Ef410dd9e28D941Abf5750C3926dcCD44,18
0xC71D4aA31D34092513092B42291A9F04f80176DA,2
0x2b1223882d9654aF2F5c56F7a0aBdE299223E750,2
0x64C637c75304f9be19303700542457B71075430D,6
0x27c30763dcEf725E4cf55FF22a7294cF1E00cd9D,2
0x0f6B591443FCF9cB5245F80cf852872B59A75c22,7
0xDC5aBf57E3046a87Ca302390B24Fb859bA53952a,5
0x22b2DB67eC6f59b0d2e548581A3D694166bf36f7,3
0x9fa48Fd0225766313e5F04a259C26e8290dEe596,2
0x5a7E4c9a5F5E68eE6C2CDf6fc1b1B380DAD299be,4
0x557F2a6C69B7F45F55282842b310251433279358,30
0xB3CE390F096AAc1244B747f5B8D929dfA254264E,10
0xB620c22be689dBf1D68605cd960DB8c7D00e8400,2
0xdcED52EC7d8863AB946d57a9ce6640AC323F2daa,3
0xcedF17Dfafa947Cd0E205Fe2A3a183Cf2FB3a0BC,2
0xFd186097B50370f400d0B428B9D5fF30b445a1aD,4
0x7Ce6Cf798BdC55286eF30DeA7B6a60ca055Db421,6
0x154588c25Fe4B0f67964c3e84D69442b23EBd354,4
0xAf2F138BB30B7F67b670c2A590355e1e2a7f9F39,6
0xD7CAd5526f95A30a3B47b80f6097C6325B485370,10
0x4B0A617DA1fcA085ee20aeA74d0488C9D0640115,2
0x2b6720b282b145685f1E1FF891543d5eFdc18A9a,8
0xCCc652Df3C56a66eD7A7C9bE2d32825a7228A270,2
0x8b0660E7586cE473054306EA791dc11e704C16Ea,2
0x1f1d0845f71559B06b047d5F399Fb39D52a08EF8,3
0x851785134B5F378d3a5d12F172C13a65D5BAb7e6,2
0xA1FD07BeCBd304Cb859985EcEd72f9Fa6Ecd7738,2
0x41357F986bec5e47e196e902439528dfE1Ad5051,13
0xE6DC5a552E55824625703Fa015C568Fbd3171875,20
0x1F31C2B0DDae2816489fb127047f2bF22a4B7ff1,4
0xC3158c8aDF2ffE26992972262216F4E7847eaF1E,3
0xe64216269Dc8d1DB7D4C54dD38253CA794B29E8B,2
0x7c4d78ED58eA8e7732B5e4f8f795722bf63cd95a,5
0xA47b31690eCA4baDB02CA78B2f90A04AB1F7E9F6,20
0x736efb2B6A7CE9CA8771001eD4D3C092cb74A9BA,2
0x6BAf7E92B8917C0a244bf986dC3842b24cfb2Ab8,8
0x0662596A2a8F7FE81E13F5b68F77E851A1251f73,5
0x45ca0Df450Fd343a0Fd7b2549E318a36127a72C4,6
0x9E064dF29FB6Bce6134B4B1b06600A6240138461,5
0x7a8fC020F7b2511D373747C14BAD252F88d8E866,2
0x8277e8eB3E4926AF39228f889cD4319422da843b,2
0x0ED75D97dDf3794D704De8e7EE9096Da0664d133,4
0x93aedb6A27f1d31f1503C9a04c8C42F94B584E55,4
0x7d7EA735b7287D844c3A9312bC1114C6131781D0,5
0xd8d9320Ba876eAc0f5BF9001aE2dC4473630EE5c,3
0x359e2cdE44e8C76AcD25b9e07A063Ea6c398d64e,2
0xF840bcB63831d4A76B5dB656E490F3E12a76ACf2,2
0x5fAFA7bDDEbAe5DA25a9EA01AfD35012a9cd99AF,2
0x43dEcad5db1faa9DF795fF24DD4fD548749a1aC2,2
0x26079eA09f9c6cf1AbdB250bd19fA18AB4a0cC69,2
0x11e69A03122908449C7B144a4C7Ef6F38d759328,4
0x199ea0dd516f27C64dFE123867df17457aCE6551,5
0xA52A559F452251900853A543a78284A029aB665e,2
0x0de5B0eE0160c5bb0bc74321570Fde3910D0aA24,2
0xACDc7c3998347f72535ffd6e45f8Bb01e92DC77e,2
0x2813fca6621e9E5C8d005E1B9c930334945B8AFe,2
0xAeB2707eDa1E201cb13AA80b915bC3979d7e33A0,3
0xfcD51CE91D05FFEF2a678B6b15579cEf0c28680A,2
0xc6C1928f1c65ca324FddAb5a103999b71b5b25B2,2
0x6b2E7EbD70F5Af8e95246cD0Ee2f56Ca1D03006F,2
0xbfA3e1f27bB1D9650d4A73A0100D6aFB4C53697d,2
0x590BE6C4A99E6fbC0Ddb5F40E40f1A94a51De027,2
0xBC66d4ecDDF1d633b0058b32C008A22fA321394a,2
0xb4FCd4877bc3F069Dd180FD1eB0E54D2BCBf7550,5
0x5276574525c4f6B9B678F49280377bA4595Ab130,5
0x574Dc41f7E406E6e0c4679A10Ad10a7bD9EFbeB4,7
0xdd3767ABcAB26f261e2508A1DA1914053c7DDa78,2
0xd794CCD4A5cB914aF8b8aeb6D49B9c262F934c8e,3
0x41d74A710ef67625B8caF0B5512e6926B1e19C2c,5
0xF27718534Ed44D103c3c37C48e199b2D2ac3d525,5
0x9b5Ee7C052DA733FaA657442Fb419ac51dd05f6C,3
0xddB26083Fae2E80C4780C95Fe536452F6399b197,2
0xC746Fe78b267b5cCa0d1B6d3049CBCb9e45CCCd6,2
0x291121dA7faEEDd25CEfc0E289B359dE52b8050c,3
0xbB4Aae875f0dA180d6Eef980766C8672fE6A224E,21
0xf86591ED6D0B5830F14CB526503C478eaD9617de,3
0x048914A24912004ecaA6a99B7A4fb99A9d3931A0,3
0xe2557bCCCA5970fEe814726e2a4A5B9aA3e38758,2
0x8d3BB6484E872A673F6E1Fc5d773f81254145483,3
0x98e8494DEb48f06Ad426555312284055623aa9cF,2
0xFd918B02E09d985186fa5a768D5021529777d081,2
0x25C982657063e9F2D8c11f7a873A259cFCA3834B,2
0x205E75A6A76061ACc4E9B2dc4c39E982bF8aC02e,2
0x22a15c7Ed43891230E9259F938Ea8d052058DF16,3
0x8dD7FA239bAA3d3c94009e6f851C8C04a2264e8b,2
0x5f0D42172D2f1dF71224eFFe0161Fa59Dc25F625,2
0x25d6FdeC81C2fb89fc4046742075Ea0547eD4881,2
0xeDA687A18d49fdcdDfaE38475cC4F3ce979aC133,3
0x94A490f745814ecE5bC4945fFbB526828a571611,3
0x61E1d8F75dce6c650980e7065BBca75E567BaAF5,5
0x475Aa07b32B4E506cd16cc31DA88ddcF476a1D16,3
0xFbb63846776982dAcD4BA710501F93c3073040fC,2
0x5002fF4Ba075A6AF16fa40E9f25D7337Ad6063FD,2
0xd2E8530F30Cc43EdE9B0403f2461320D7034Ed8b,2
0xFB70db5E4E81148bc1493d51aF09318d91d3b586,2
0xd819AC52D1758Dd73e226aDFb67715835d7a423e,2
0xa2fB29a0F10df4203a4699599719A01B6A4C2816,8
0x306E044F46fb0ec06A5136104698d75eC0Ab928C,24
0xFD5873b0E11dfA1f848995E34fC017De9F5A3d98,2
0x80C459b4AE531F52C47a850EE6C4E406aD19aE51,3
0x8A9F58944842B57CEaBFE57b788c9B6a2aF1CBD0,2
0x855A1BfC49f7ea338d1eCf79717cb33a60701ce4,2
0xB83eaD3b93C77Fd2cb43E80704D1A03fc083AC55,2
0xD875e2F6bECb9d0FDcb900d6825231C20fAAA962,2
0xD00BE5597916AB4e9644328C88721033d2EaFA90,2
0xCFa643D33682C75Bc6f500F32C26B0D307eeC648,2
0xbCB34dD9351Dac05d061a60DC4C07B522613995E,5
0x14c9ec0e3022871cb56bA0fFAE119Fd6419d4e0E,2
0xC65FC90A9093e3A5De4cd988b12D2cf2605F927F,2
0x7205A1B9C5cf6494ba2CEb5adCca831C05536912,2
0xf5BeCAa142ee8ce5Dd629E0fe69ECF737ee4e7ec,2
0xcFF603cd8Dc9D4549Dd0604F1Dd4FFd010A97bce,2
0x93f32e3c4222B313dadfE83B778F0d4d73c20714,6
0x68d814e8Bcc971df740FA8B5610C290284012781,9
0x9Ef247DEcaFfA44d47594CC2810e5Dd5aC13DBF6,2
0xFC4EFDDacd74240a629aD3c1383bc55c7a76f93B,2
0x6926021c4ca7CE46046AC06A1D2a8D896a75F7EC,6
0x81f2ac249e16c04B3922cF3cC0CDf478a662F27E,6
0xfaA614c9a446D267A2885D3Ec49cD1B5b7add82C,5
0x78511C4355E8C46b575845D2Ed9758f3C23777B5,2
0xF3f1b1a74B0031a70029dD7272F3a119E5c44a03,2
0x7B14584FbFBa0a75139Bc3Cf44f56c26774C1d08,5
0x75f5239E80526936257dA2eba1dF069bFD32f524,3
0xDFBbe5686d054944a4E64CdD588f5777b56d1B63,5
0xeFd83Ce1Eb62beFadaa60b339Ec515D9EbddEa2A,2
0xA13bf3555194c8a65c2Ac6324731852d6Ecf2638,20
0xDeB90497cCD2E8aF0C3Bb792EDD708B2b5F802D5,5
0x3ed5E8D1149c26C79B5C24ADbD3A1400d838E57C,9
0xCDb6AbF98ad3962513dF0677F5B8e0d95b57A7DC,2
0x85FD8d14AF7bf91e2f1799f20AA64E5C1FC58357,5
0x3752fD37CEc5795C2AFb7Fd2DF1525b3656cB682,10
0x19B954F87EafaBad6d58495Fbee627926BA88465,2
0x385CF024ae9f563C60412C154B4fe212567AfF18,2
0xAa3063CeCC8A00fd1Bb2f2F8981AC634C723793f,2
0xC2b74Ca93AD832437a59FBA4B32B11f604e693F3,2
0x44440AA675Ae3196E2614c1A9Ac897e5Cd6F8545,2
0x969E82887A73772D052ec38ff60372De60504Cc8,3
0x9784a3B26FAB7dfACdcB019B19fEaaE3373a5CE5,2
0xeb2c9193d3791dceB1a6b97DAb0ED98a2371cb4E,6
0x6e3CF4845D91573C200391b1B8Dee8584435ab6b,5
0x8b961A6bCA248C4Be02bB9F8a97f802d7200eC6f,3
0xc6B8078d96DE931845e4D2c69DcaC5628187Ac35,2
0x1d0069a039612866eACE2E76Dab2c1AF11045E98,2
0x8cFA01Fd04a0C11d596B8e045dD124ccFD49d2c0,4
0xef6c8eB9cEF046E370A3e4444abF7B3c3811f568,2
0xFD31C8C172594F3fA840b48BF7501f80CD9a394d,2
0xABb918E824708EEc9d07eE113f2BeC3899f94020,6
0x42cBD461BADfa828D64bB2684F49289a62248D4a,2
0xb4bAC1b660E2161F3692FdF6cB362e93396899a7,2
0x75eEa8a7cc7A5c9E6DCd56555202d021e05e1E40,4
0x6Fe5c905fcf99C79Edf2e01051130fa6378C2CcA,4
0xAB329B95Bae369595F6963062bf2ab78DA61cE2D,7
0x08B6d3e0844AaADb31ada51b4361A47B4E38C42c,3
0xBd3BCf36e0Df2f0BC502B7C57F1f34B3218cb78b,2
0x7028BBcC3A2EEFa0Bc9547fA275B25d4352Bb25e,2
0xb7D0fba6481598047058806e007dFa978fF08212,2
0x4C23DFcd99036cd1FAab8F7043Ec4648AFCAed17,2
0x2208302ad378E288BD1491BD0De7B7EC17eD3366,2
0x1cf39Cb56D3F57FFa194adCF06ad9696063026A8,2
0x47103Dd9F580DB99fDbA631cCb0b69ffC7dC06CD,2
0xFE71Cd0cBa7fE6A3eD6B8f3C7B44E481F7F3c430,5
0x897756077f31c9CfC61039B2D31D84e8f83FAcbA,3
0x34624d631C43ca0D301DD93e0F981b3CEF2e29B6,2
0xd3320391a0A7d59F49b54f9C3B2ca65DC3978063,3
0xb1Af92252166bEA164E2B70Eac8De738d078EDb4,3
0xA282318c94bD0660943E76540815C54027B2dA78,2
0xD9Ee2978b57071AFAe6BAA7BE8d0a1b2484cfF2a,3
0xe4196D54bd86B08C3388eba03d5B2d7AE657c795,3
0x79cF2507732dF36C6514dcdC1cfB20ae83cF5B5D,2
0x2a7980Fc11147a142D46a75446bB04d0f5295529,5
0x0037f92EBE1a2724be6E60d6eD932222988E20c4,5
0x6Aca3CB77B10e09Ef74F5d3ff626f2076B6bA3E5,2
0x98bdFE7174Ed431dA22604AAF87d66Fe2bd8621E,2
0x6824DBDDf0bA49B238Cdc97c81D5846ae129a4e7,3
0x8d3a51C482738492e301d4C6679EfAb342db3722,2
0x589EEe0141E631D5F9Aa677dBC706Ab94abB57d5,126
0xC71B9c97a27fb2Cd0d98D449e75a63cBA312466D,4
0x651B092322a042655138e7333121F61883f1Ec02,5
0xa96d9099a0DeD552Db285d23De57c476f4581b7F,2
0x6Bab13b3D781Aa7070a2511a06649786b2253e4D,3
0x80BFBD71290d62BA4c311DD449AB8A9a212413F3,2
0x49Ed970921226220Cc913e30B20AdfA9bAF3fe7F,4
0xF1fcF468D65de5F4de7193528f833fA9720238BC,5
0x329435010E1E092cA3116fe9D7a4b3046Ffa9B23,5
0xdD0f08DAD5CB2A920F6F9a72B2D9f44699Df3a0a,3
0xDD8dB9f64512cB13fDfe24565670C603381FcA27,2
0xdC133816529CB58177d9bc8b55E4b523673b84FB,8
0x384454A7e3A30Ab5da5522ca3E468F2f31bF0e0d,3
0x196A6FeC0AbF3d4d441f952370b534422ba24005,2
0xE175150c256c28393650b055608E75c7305749Ad,2
0xB0DD17567933Fc80810d7fd6b39409Eb03dd23A6,3
0x24E50EB9C1006E13701249bc09E1406b80A52c18,2
0x1c1a5BC6384EB28B179474877DcFA0fD49E454e3,2
0xf9ccFe31722631382f9F607Fe9d6C3c632b977b6,3
0xb287188f7e4fe63b8d8b021CBc139844160f35d3,2
0x34aF2f3BfB59355C489FBCE2D01d0c4159A4C633,4
0xe0069B75c570455195e33b0C7513c368fe4e1c16,3
0x51D38938BB62b87c7C40317e7c4054A5191dD136,10
0x2568eBd347f0bfd240c61c3a2d5f2b0125707939,4
0x9A82717b2730009fE972DC57B9f46A214122B00a,2
0x1cccEAf45873e1A9464B493EE813315a8DE06707,2
0xECe476CAC765c6053f5bEaA54911Db5ADD050670,4
0x6be7A070f2AC6913a3DD3CcD4b0FB7f1CaC50287,2
0x91F7D6932D1D4519943C944B1EEDC0611a3900B8,4
0xDD28578a7c59011f217a04AC8e27aE66CF0a08A2,10
0xE77d66e7F0903bCE55794E5f5828d521C27e1584,3
0x206551e847D3e05BfdC9FE150320F0323d639C45,5
0xD83c37a163178943634eb100aB0757D845851476,2
0x188C30E9A6527F5F0c3f7fe59B72ac7253C62F28,3
0x16026679027C127b2c12656642930c6954de5DC7,2
0x540dC960E3e10304723bEC44D20F682258e705fC,2
0xD05b5A0e56b3b7e616e485d9Dfec7B151BbB3d52,2
0xaF5008a6a0187CDB252c51aE19892a93e6483a3E,2
0x46f1e579FCF88e63Dc6F85d0969F2E7Fd7eCe817,2
0xc7dD29A9839242e26D40c0E78cC0f09Bc619E4EF,4
0x6D27109eE133835817EB9F232CF5047879CA3BE9,3
0x9498390c3F51A256cCfabe9AEF961E1D246dc58e,10
0x5BA02f4Ff6Af1d9d2Af8774D10fD32Eb57d4E2E6,4
0xd653971FA19ef68BC80BECb7720675307Bfb3EE6,3
0x7Eabb0fBD9e85C16bE353980365292BbD3c20458,2
0xF652D4bf6bc2Cda46e5e8BDCaEf6875E296e4801,24

0xD136C1A2CF7b033093E449F72062b835254Ab23e,1
0x64c512DC50687EcdE693bb422e70cE896B6d2184,1
0x615B1293D7879d97B43B7F11076f3e75bB1efFef,1
0xbE219aaa35950E28b645064e407F96bFD9D5F9fa,1
0x641e35479573f5E477970aE413b3d52cE93aBE06,1
0xCfeeF71EF5e0374306FBA281C5978a4C70cD8207,1
0xcD35548d33D7F49f4CB2d08Fd3e0FC7565752223,1
0xE60CBA37CAb441a268583F9Ff963ecC59c4964b3,1
0xdC905568f4ee05253f406FB723cd63DAD4c00dE8,1
0xdFbc0A0CD376622e5D0Bb5e6b058e544baA78830,1
0x5ab6ee4e46e28422499b33Fa3De133eAAc8C96c7,1
0xDcf3cF6c64d4eAC7521dDE76bd5eE719Cd1068F6,1
0x35c17dD9DF9156EE74726E29f598dCa529efAC8d,1
0x31c8A0D71e2C0D6DE3710828A58A3f3e6733517b,1
0xF33aD06f8eD802674E4e13bA76CEC252FED394b5,1
0x303f6D28329bb48862CDC7702a5E6757AbB4D328,1
0xc301625D64528e69ddF101914188fCd793c528CC,1
0x7299737c1667E040A3d3fd389c160e82396085f3,1
0x8BD0AB4D63D523758FbF9Cc542B23a08548A59d4,1
0xb3093998cF216B224572390AD360499FC9420e1c,1
0xAc707Ee01A605bfC712536d703E5E790357c48e5,1
0xAa847D567d6968E59D1CAb8b1feA6897A21fAAee,1
0xB6DC34F69d7973eb7C26D173644685F78E3b9858,1
0x8234Be55f64eA91960b78357906cF5bEbCe81F3d,1
0xFE8201Ce69A82DEa64e633eC37b0b719eD316402,1
0xeeA0382B9cc110bb7F1613Bc66200513361f207a,1
0xd1a774224435c54A18041F793C4163557288986d,1
0xaB268c14e235e65c1c2f4aBc673B3b03Ae6FbF9E,1
0x8FD940BB35b6492eb2D905614dB9F1f990E27695,1
0xf19F1C9b5985A3e1B999E95Ba3CC4f591a2dC019,1
0xEaA1cd78775c63E21dA4A11F29d8aC4D29989Ce0,1
0xc82e0D94B25B591C3799a78d6C46A4af21783029,1
0x1ADfaf530949C3951183E78b1e79DA3749Aa73aE,1
0x6adD74F28BeF965b3C72C05e21E0009c8f17bc7d,1
0x0BD22D333F6cf380cA3daE47dc2bC53FBDA789FB,1
0x0E99c0F30006482CeAbE98Ab2613CBC2a2A07Dca,1
0xAFA0268CE90d648Fa423e32ae1F72b77b49aB908,1
0xC7f02456dD3FC26aAE2CA1d68528CF9764bf5598,1
0xdD32231c664f6e3456e81ec6c27C6f429C7dc3b3,1
0x01BDcDc67014d0b3a9300F42413DCBd9003b1a91,1
0x82De457b643B7309253B47F86D3BA14bDAe03771,1
0x8B1dD48344de9922AC1f24B7563fC07EBaA00b20,1
0x6318112be334059fd0D2f81437F7D884E88E8001,1
0x3266960397Db9B37DD4Cd19d8654e73E0E3418F4,1
0xe6dA92299dee1CC3f387fE9b75BB90b83901f2f9,1
0xE8DE914248c915060e629fEC5DdF3D01ce723588,1
0x9B4CE62B5b091bC3411aa1e4A43faD6A5e8dDF2f,1
0xB01D1c8fC20b9fDA10dE441F4c7F4029b496C587,1
0x030daCaAdebB91adEBE1321E63D06B430EbDd0d6,1
0x16bF4947D78eb659B15F95A2BeddCEf9de501fc2,1
0xe4E89064840e7b11764Daa866bCc5F60Ab7B873e,1
0xAB517E42ea1e0Eb12102D108cFA1554fd2f0A5d2,1
0xb6157B31D98Eb517D8066E7F23A31236d86c6901,1
0x2D16f8ef30E91206d3f9b7C4637e8F4D1ae6618b,1
0xd1E177CfC38C70C5740A29f6E3d0E9296599DaCe,1
0x540615aCe7036247Dc4c4B221384E09aD0229D1f,1
0x642c13E885CeF6F2fcaE17993745FFFebC820c32,1
0xf25342E5F01bc97B863165C51505fE75001CAba0,1
0xA6315F148340CA39228223D4a67c137f315a9D60,1
0x3cAeAc7FF83B19f4D14C02CDa879c4740B4F0378,1
0x846d140ac771957F29058E79F363DBF41E4da8B0,1
0x461ccF7706732c4FD21556F9ecfBE43ACB1d1e31,1
0x0a5D8d2e553EA08030AD42d7d53bb187911B9A5C,1
0x1C630c425aB0949d71E0362137A38cA6b9Ee3F00,1
0x0C56A15a5D4e8b201d973D230ae0642b9A4123bB,1
0x070f40CCcE59A4585e00227D9c01C705c6d087bE,1
0x1F1392fB77Ca98F06eA8291883e5bF216a35E29c,1
0x2Fc790155affbA173bC5dFE90198ffd0bE531CC4,1
0xC49786d5546edef7659621FF1746Ca6bAF6C50A4,1
0xbFf4D2a90EeB8367D12E3c075514D28912205566,1
0xC0a945B099293AFff8E8FeA836920341C7557E23,1
0x9510EDb6831673b51E875349296a23184C568A4D,1
0xb4C628524c0ba86FD8b8bB4376D1a36eec63Ae5b,1
0x16Ce6c6662510faF7C34bb1406fd8c20641db9E3,1
0xD52ec343dd85c891Ed12c5Af72643AC115a953F8,1
0xf33E5333c9104F278DDB3f0C0A85E40DAD24b9Ba,1
0xddA1b324EA03E00C4f982FfC6660059abAD5d557,1
0x14509Bb104Ee513817657A63e87528208f85A4Ce,1
0xc4996857d25e902eBEa251621b758F86D3761C0f,1
0xF3fdaf217Bef3cDaa6e7ECd9b9f55327238b696A,1
0x0b8F4C4E7626A91460dac057eB43e0de59d5b44F,1
0x0AB6CFe285F078d69363cC3cCA881689de0fc915,1
0x5361c529dcfE935709f288364a54D4551f3821C4,1
0xc68FA88Db5888a909D1127cA7F57DD13300eeF5f,1
0xF89B9928D36Ec36484126F3733B5710a818Bc814,1
0xDcaba4bf782b693dEF3aDF5b21D81DE6328E00F7,1
0x1ff996FD6E220A1783c32987369fcC768A9047C5,1
0xC5dB33d39D85cc096d67F4f6B7572EDD658B8C2C,1
0xe621D548A1F1284C9bDE092e39A4ff39aac65D71,1
0x38069f7127147f775F0C60957ceAdfB33885a00e,1
0xb2a830F93Fc09140AFDd40C481fa0D355128ECE6,1
0x799d9013d8d0835238EC33C3Ab5D0280A2D17210,1
0xF84D65708Cc5d2C699a62180496576C7eBcd6136,1
0x84424208C4a885fD8Bb5aE26D96e38d1A972d58d,1
0xc71da5cCd980c0A6d46446c5E6B200e59f0db9fb,1
0x4c4040fcB7cDE51cb52dD2AD02Dd7C6c1AF77d5F,1
0xe18a1d42E54DBe84F4942802777D72B37B7D21D5,1
0x769090c978fB0240f9e6F1786924Cf198B97BED3,1
0xA31952e6B3edeE58d5304816Fa0D7e3CaFA3149A,1
0xeCb3eCbdF8B4297b89126D3Ea0278e11C0aD96b6,1
0x0f4CD8Faecb8292FcaB31e1e53994847B34DBA35,1
0xd1aaDDe532C93D39bd96629CB268bC159B1b8B80,1
0x2f3964f7fCFFeDC2Bcf40159f96391a564377E4d,1
0x01b3cC1F9Be8a25dE5cbfF824867ddc6CafeF61a,1
0x182107497837d796415BA573bA2a54005137C275,1
0x12c4b61E26e23c77359A3Be75014fC5Da4CDB4Fa,1
0xddDf895C44656fc99840DbC9147197e9c576f6df,1
0x648a340814F3fa426F443aa8FEC67E7895DEB8D9,1
0xc155F76132F6e9a215A386A9DAecd2a4f2fCC98b,1
0x78D6C336699D3E3E0b10102F2fe268F46fBC6347,1
0xdBdB3C1230B2E945Aebfe51097361d3bfd4406f2,1
0xd67471a73711583A31DEC7757Dc12F7dAEEFa78A,1
0x7d2b8640496fF8d9c66Ff088Db256715B3411B87,1
0x7D7E07f16140C3BF79844DdA227ff55008aa4666,1
0xf8f92BC74C562bC18612193eD30f026C0f5F77B4,1
0xd8E7561A0Bff1bf11840a88d7417AE891ba69d76,1
0xF05155F792819710Da259C103D30e4B70178eA9f,1
0x768D9874e4f127724A7Db05044F3FaC70833E105,1
0x23ebf967caAa040d40D4F64d983Eff90C97aff2F,1
0x1C79c0b07014Bcd87c67C4Cab8CC58B310110f0B,1
0xA03D4713Bf46948945e6020E6b6a6D781C7a7514,1
0xcA22a2B834f3Da078824A46d946D58672fbb9D7e,1
0x505D2424bbA95a60d6997335d35951a46eAaCA61,1
0x4a6536E7B36492209691c8cd172AeD3964FbCC89,1
0xd49Db5FCD064201F56F3d196e91545929096d8F2,1
0xF6C5b3E71391b71162bb8fb70c11F4bd2CE46F74,1
0xf0D9b903054Bb9dA68A954d2aA373Cad83D8176a,1
0xeA721cefF373aB9dFB4698866d47fa9b214d3d20,1
0x7ac933E845395AF7B096c6BC0eC9ae6c8f443003,1
0x7A70536c4D695B1Ec9DF972e91461E834bfB00e8,1
0x3295fbc5EF5ee17F9d975Dc4a067EBFFEb5bAb62,1
0xc9EdD5502Ee4A862415002A67E09604595Da5048,1
0x50530095702552E9Fa7818f60E6BdFf5D0540Af5,1
0x701db6a8750b59293ed50e66BC5486aCE41bFD50,1
0x5359A351b81E5eb115E256B33f53FAfdA4ca37Fb,1
0xAaF8BA7f8964c12C843009b6a691369F86245Ab5,1
0x5C93aa1C9df1030B5C64c190Eb4CAC74F662a150,1
0x295Fcb4E9277841c8d6dfbBe7f9F1D6aD0107ff2,1
0xBb90339ac4Fad84669F5D01FCE6717c51521c26a,1
0xa9C51FD7Df6A6D5aCbE7e75F568fAd52768284c7,1
0x04Cba99bf19958470d03BE77Fd1936C1AC73784D,1
0x18885ec1c96891A279305A2Fe0E26BE344535cDd,1
0xC33A1034440579630dA416e2E8f56742B8D8ae61,1
0x22406138DbbBfCd89b1cbC2Ec14517B993BA618E,1
0xD7f3113c43Bba35CFBB68B641A2CF7AdEd4608d8,1
0xA7DdBdBBC8DeaeCbd1496aE907DD46a79d6989dA,1
0xd6dF883A4927C4068f017573D781A4a62dfC992D,1
0x99d81318e6dC3933Ff30325Aa2283474981c4E7D,1
0x7F3020cfF652F69CbA6d537aC532324D256eD1DA,1
0x1B2b9DE4dd7f6155D6b9370d1b5160a3ba376B1c,1
0xaF57fF9Dc6d3273D0e97ABe801CD56f0cFDb2e4a,1
0x350e5B01eaab192b181b8348144E3767ed152bAA,1
0x9D919F040Ee44C6E224395B3EA8A97f3FFC4a523,1
0xC8afd3aF2C54cba89a80Bf72DA1c16d3E29590E9,1
0x2F91CcE932345f158335a7Dd1D1c4F8eADabBf4C,1
0x95c1Cf53cD49Eb3834ca1A814c0d16CC7cADae04,1
0xd2092DC4fAF01805E46Fb56BEd136f2D549Ed1F7,1
0xE4A396ac6e20Bbb116A90Ba6B6dE1742D8F1c7AF,1
0xF5F275BA3956c237A6b0C8b12C2D67bE78bD20b0,1
0x22FB8c73403a11c765df8D4C6592Ed6a607c60FB,1
0x52f5241704383968fC6e8f13e85486414D8E6840,1
0x115d0C185F84A3d154D66377922087b911A7877f,1
0x27A9d371b9F0e6eb5B2E16e3A2acdD44AAa38407,1
0xFA1C85E1434A068FB235765731Bc0E6A4D54a245,1
0xa675E8cf04261C76069260640f9442aEd0d3D393,1
0x29C9D36782312F322716CBD8441b2Fe949ad2a5c,1
0xD29719e02A1C7Dd3363F96A7Fc78610F71cf542d,1
0xbADE27C875Cf40737D47cc95e6E065396dfc621B,1
0x4810CB6ACCe3C2E664030fd7Cab31C9b6E48a5Fe,1
0x6D366309b403A238c37AFc15930BE1d0fc60869a,1
0x1c87eA0AE030E60e4f5c80894c7D4E940cA2C0Ce,1
0x589E2115F8644d69523c9399c2A7c6F9e359E29B,1
0xAb1A015B361308C778027330CEa400eA7C920cB2,1
0x276190046CBA0251194B58c79b6b0821A1063a81,1
0x5f8a4Ec6aAc06cbA22D23263dEd405E1434676Ac,1
0x28Eb1c330c7bA43e752d6d734FDd7Cf4b54D9f37,1
0x171b747f5472Dbd9De29CBf60922625F1b16D228,1
0x24C29155732A02c9a0ec946aFc2Daf52bb81Cb8e,1
0x5Fb6A82089c01ef9937514151270e35673efcA87,1
0x42C48B2069BBf793bf8B1DB498797892AdA9d0c9,1
0xc7272b5EeAF3B5Ad69EA4887d4C01245a14cC6eA,1
0x10D514C93b29dD8eB175426a21Aa79Aa0e9CA5F6,1
0x5d3BEdD4680C8b490580B31d6852042Cca18ed88,1
0xF86F32Ad3C35bB6FC1974B0b1e1D451972bf5b3D,1
0x14Bb253dD4aEc3f1D8956a2161FaAcDc31a2dE21,1
0x4cd1C9bE0e5d5c2E6938c24b935151508063137c,1
0x56fF51cC0Fe4DA32635b0eeD2D871Be32A0A0F7f,1
0xa4fc82338d3753065d3A81652d5d73600855B2BF,1
0x967Edc401472dc8b7dc3b9E51bc66bD6477EE209,1
0x8F6a7A97f3b6CEE0E374b38292Eb87723679C882,1
0xBBd6F119DD4093A7eCF2e9ce6e444b98a6d5118a,1
0x7A4FCE525125a1bB894724E5E38D86e3153bc40a,1
0xbEcC84B2edEC31eaC0615e8B9328E45497a3F327,1
0x616adaA290857fDd318B31e7Cb719d2769D6e668,1
0x237C0a42EB57FA408920b5c44B9DB2b816bf9560,1
0x9C917d2603d14a4254b1d2B65c9FA9D8916144C3,1
0xfd3D16F617b66a225549B65CEd2f8971FeaE06d6,1
0x1df6F7c929335b594F06b2D8a7feBcf876bb0B25,1
0x1A2Be848d7958570966cC20b1C521d8945cDA8C1,1
0xb73307417e3d0E0D68bb457005471f67a998a2af,1
0xeB17cB0844d02086CA1DfD58835de0E41c04De14,1
0x494fdBcC9a6545f6Cb10147F1D5c2dDB66ba60B9,1
0x4EbEF8CafD3344364226c26405DEDf31A40BF47e,1
0x562257821731283b842cF689Df9941ddBeC3a2a5,1
0x57Ea52594b763af6454548eCf72dB3E2a2029EDB,1
0x9f765a12308116E3b2Ce426fe37aD24B9BD30163,1
0x543BEba68d0d59e1836B6fE686419e5af052a00D,1
0x971a2E20Dd06bE464AB6211FcDA7aA28a616520b,1
0x01D00fc68aAdC04B0a08A5A4C86F993c06842519,1
0xb91b71eE17B6adc358c325CBA30186758454b2AB,1
0x55038f72943144983BAab03a0107C9a237bD0da9,1
0x234E486279dC07733E5dB157277910Bd6002D3f0,1
0x914f05834d7053f84a7A97b81e0ec5d0fe1C3Cf9,1
0xA3b08B3C41Be2ab2aC6c4A987F26CBdA07bdB4CC,1
0x79d38132BfC127983FC3069599A12e21F1F0F879,1
0x96236aDB640eC620A85898378375cEDf03ca21ff,1
0x2679E238853290aeD50997BD99Fe17C005E60AA4,1
0x73daC69B5dBcE7772550FF0E140D165D39a289ac,1
0x4cbC27Eb49022dC70694Fc3f6297beFb9d96aE18,1
0x49131F1A71414cc29fE5a8d408DD6AaFe0E48C4D,1
0x9B541D86F6108A5351dE01243736B190c59969b9,1
0x7090A3B600Fb3750aF960f2657A186145f344983,1
0xF421973F36B01f01603Bd26d3F094A4544CB16F9,1
0xf8f61cE96D776b94Dd81f6b9bfe7c0d5a59ce21b,1
0x68aBc3Bdd8351E429962071fAfb6fefe569A0e47,1
0x2e4A943ebe8aE780ba7Cd9Ce0dCE5b194aDb2f76,1
0x5A02Be94E82ea2E1eb0F3F03675D99402Ca5dB0e,1
0x5ed024282cC9Df8bEBaF64bdc4Bb59AfC63ee912,1
0x594dC7d42e144459d79cF8344eE701E2a2B6B8af,1
0x078A325F792772D66092eCDdeb0616B5f2547851,1
0x4a7f785a9250F1eE6c3449585E321e6F5191B6D9,1
0x86831cEA5278C501D59a634553E11eA0F1a02737,1
0x0822Ee6168Cd93D779D64FAE92902f2A2c0084ab,1
0x3f701d50E68fAaE2B49fae9fc1262bBD360A9ea9,1
0x91DdA20c8B8bC943F486E16E803f636a53602F34,1
0x3d0d653Dd4577c4b484Cc0f317F90521e2dcbe08,1
0x64506BC727DeA4CE237a32C12A00c8c3b0DC491a,1
0x1F806863803DD7ec6bFEB1A70BcF028258BaA4f6,1
0x7Cc5D84f17BAeDB0162D28366ab9195F22D2fBb3,1
0xB9879a54Cbb07f57a488B973D433132757aE31D2,1
0x79f3F9Bc308eB79d00C068Bbb1C7bb268Fa6d037,1
0x331832AB968733722988368380d7f71f42eC1861,1
0x4DbFe38B13BB7ab7cddBa81031b159Ce44993c1e,1
0x40dc7edF0E6f5f03eB23C52590d822B6984ffC52,1
0x7E92C76fdC0258e13cD71f12C87c7A6d35b256C7,1
0x29Bd6Ee1bC3E55a60DB99682e80A780cb98e7E98,1
0xa4AAF6cD0424f41874F7C390DC732974944BbEc3,1
0x58b79c7f4eE6D95ADE7BF75CA4acA969E7C19CA3,1
0x347f16E61CF96c8D9e07BF96f1DD067C58f84097,1
0xA1D3e75ea24c0A14763F027F600438a891D12Dd7,1
0x3Efd73feD03135b54651365E52b95Bfc1B2cA3Be,1
0x218d5638Bf697e22EbB3CD4B6fbf73DCD1A8F035,1
0x8F29692D5B7Fb06893a8AfE4a2CEE506061e3A96,1
0x92F520a8E10B63DB30FD2Be4A6a64E62D79477Ff,1
0xBDFb8158224Dd3bf3adea1c3C60bFce5E020e56C,1
0x8DF6a2DadfaC1009442430CA40F8479d206f7673,1
0xa0e1A25976Be2b9ea5Ec305dC332325311b0124c,1
0x8B078D0cC0f3b67f18c0877cc20519b04a427aBE,1
0x5c49Cb91D810eFd95b527B9F483a661E6553138c,1
0xB4aEcD46e8634013273784e2C3C75632E3d07A8e,1
0xf56D5F85C7557f65fE8Dd8090907a7117c048295,1
0x589537c2Ee999338fCCC5fF08f166c5461C5c57F,1
0x857509b92F0a3B5a17F6d74B5bAe4553c46A47f1,1
0x6dBb9D989289BDD2f11aE7B65783ba8cAc6027d0,1
0x0b77B48C102C970F844dacB90e8474c40f422634,1
0x6cCA77e5bF0E6529a9B62651BAD3c02d52A663dF,1
0x59F362a3F0130bD96dd3836b57ba7D08eDd6f5b4,1
0x5cb4fc91723B4b76e6e1Bf70011b67CCb2325935,1
0x8EcdFC58423E37E0E32518589F2205B89EE9D950,1
0x4AF40d853650B15fDd162F456238bc326C945858,1
0x202e77Ad517b7dc1190a27a08582b572d5B7C3c1,1
0xF5E43294a4a6bc0DaF2f78718fD3dA2a76a8e54F,1
0xCB4C8D179181Dae1Ac84E4F6FC4338a43E001172,1
0x18a3eCFc22FCC80f10abEC55D8870E5Ac0A4720a,1
0x154c08bE7F1A96f0a71c467745065691BaA36d45,1
0x83FD7410158A17e97d9753a54240521f8AFC973d,1
0x42d8f11aFb97C0Ef04965e65188e99c930811d43,1
0x828ef26D34c64a6210ED38b8807805312Fc8C9Fd,1
0x0F0eAE91990140C560D4156DB4f00c854Dc8F09E,1
0xFcc1D38E9E2CF7b4F2010eE04008D8561673ba6a,1
0x009988Ff77eEaa00051238ee32C48f10a174933E,1
0x5b60220165efFc38115608b979b81c5010969E6E,1
0x2D7b38CcF60Fd1F5E74bd1239120bac5717Ec624,1
0x22C187895fc638B593ebf54FaE4E4B4ff4Be363f,1
0x7CC7aC66C947d1334CAd6026011b432F8b96e2f7,1
0x51e518241229A0fa8c87266809e757042cd8bd84,1
0x18456ce597e8469472dCb76e9144A151681cDC52,1
0x32ec076a643F97fC59D55aE255af2813B5e8fEeF,1
0x3B60e31CFC48a9074CD5bEbb26C9EAa77650a43F,1
0x2b7e0779e53669Ea5974EcFFD1241ef0Be5acafe,1
0x1EB8A29478408bD0eaFdbf0aA890B830A0F24408,1
0x376FFEff9820826a564A1BA05A464b9923862418,1
0x085DC3b9693e76077220bbC08c620209E4256234,1
0x16Ae44848CE7D16b70bFEF5BB158312bD1EE73c6,1
0x5076da1aB3472a1828cE921FC6a423c61576c8c6,1
0xaa2e9Db394445C28349465b530248233e936a764,1
0x7C0E3223A7511e52147518229B12945EAD668E04,1
0x5C714C8ad8a59635fF6f39D0143F8188038A4B78,1
0x7312b82f813a842e54224C8Ec5d10b2ADb779FFC,1
0xf183DA5E19cD2DC2B8dDAB5352a8E035FEA99083,1
0xee106EC2F264136045A6152005a2ad10a0E0BE42,1
0x488b8e92F659C92850EBC79583F61a3Fc830D913,1
0xe0Aee6ecD2A486A2C7FdCE9f51Fe4840844136A8,1
0x8d1509e0240EbA23CCCD58941Fa2b5D7fF1fc70f,1
0xE6A57651B2E3f38f176c75E977EDE51D4dDf6629,1
0x26E02D5c487ea8b55EB6cbDC70E38677151EFF98,1
0xb4947391965fa0629eB4C07CAc80f507978d7d50,1
0x19581E3d411600d93Bd34B3428d3aD8D245C9Cdd,1
0xd1A731aA50675b90F5C2a266AD2E384F34a5eDF4,1
0x20BFe91Dd23fBfDB30Feb509322334abE3Ed9585,1
0xDabcE1c5b7803Cf5bD90A1e3733551707fC03FEC,1
0x902735Dfb5411c1AC068153886a526C61385eE88,1
0xe5dcbBA45ccF73f01A54f4c241a8df416280b572,1
0x07B9C85F07E563a2c229A15F4391dfbf6be001d0,1
0xDE29B22bf0812D7077D7549ec44a77bCF3fC0f63,1
0xB95510E95500Ec7444Fb2E9922dB1A92Dc289784,1
0x1e75BB52552aA4e8BC9387e0b103afc68B4c683b,1
0xFE133F266BEB42d3B9c5343b1D1B81d79B9B1114,1
0x9aAb81A1070cF0e25D15c210Ab2c66FfCe071470,1
0x6749edD685F68135Ed629FA5CDE1269BA18d6ae9,1
0xA812f21F11e904150CDdF19F67005f14F8A295d5,1
0x26b29C088edaC73De7472E8383F7A3D034f8A759,1
0xc493f80FE6b0D4c24B77Ae81A78A7AD85740664e,1
0xBafAaf50c9041f6F96Da5e9206e87a876248126c,1
0x2F5aB313C685d465ea428A31F3AB39713D22d194,1
0xCED8c15607Bc26520AA187661734F6A4064328BB,1
0xAD6Cd62067f3668a296F44755777810BFDC33B37,1
0x9441C0fD0AFDa55C565A215EcaEfaBe10809a3Bf,1
0x8C9e7b5E2eb1ce21a2f195cB360BA99D3D51Fa4a,1
0xEB4971399Eee11Fdca42dc722B42EE33aE306FFE,1
0x1b256884D4cF39171806f9d715CBA07a75944ffe,1
0x8EdFEFfe2e2B7E040549C339E852B61F1CE7cDD5,1
0x652B3Cc15E01231bE69C616AE37dd8C3eF7090B8,1
0x6e463d781Bc16e3d6b4fb4BEC5D5dB3DB18d8cf1,1
0xa46723b74853386202065976D694273174eA21e3,1
0x43B4fba85628566d62A3b83C8f1dF309bCf08983,1
0x99697E5c8FcC8601531c348e54F39a6Cc3DdFEce,1
0x752152d33aFe6a3aea5D14ea4Ab57318634A9108,1
0x7816204688Db26925422BC766Ab8e76Ed45672b4,1
0x0Bff926237388495E68d58C1616F3D147Ff33dbD,1
0xdFB0E02853d72E3d6F80c50a0037Ce9906dBe491,1
0x2654DDf31E5D8DDA52fE8C1D759Be186D316d8A6,1
0x68b0831ff66B55BDC1Acf8caDF2Aa40eFBDb613E,1
0xD26F684f0dA0E85C51eFcF1138A5E43506f19b83,1
0x1e8b60b71847Ed69d607007b42Bb402F59c31f0e,1
0x2e35F324F2F84058896eB2EaB73c4e09710EDEab,1
0xC49A789b74B35Fb145565C5a53E6F2F1C4102a3D,1
0x31A166d4D9FE2eF4f88ef1bE15884EC42212375d,1
0x6b3812fe33A3B9e6217bAe045b761E253dD52fBe,1
0x8E318d00c6503516F1e028b8d006E2656CAf8461,1
0xBD08F74D7d38F96234C813c5614c6646c8A93eC1,1
0xbD5DA3d0404cfC55239dD9FC9Dc40C8C5548aA0A,1
0x7FF9C78Be3382E9b65F4a5352361fd119e809be3,1
0x55003e58548C367aEf5B8aa29706f623c57228Cb,1
0xAaC00928B7e104C14FC8a05EC3fB8E0924613f04,1
0x148A8E00903F49b3E792e9E277060840B639c7C3,1
0xcf0C19Baf291B578383Ba758c7D3cFF0b2fCE371,1
0xd1B597348516A246fe74C8577b189204a0D701ca,1
0x2e21288D7b33Cf4faEcC9b0C902A68ebB91779C4,1
0x5Fea9DAcdE1fb43E87b8a9259Aebc937D995F51b,1
0x46f71831F063e293b14f32CdC42Fb3A7021c4b4A,1
0xd57e933531A06743FA28dA1e5EE0f7181eDd1699,1
0x9a7D4c8C23abA44b73B3F4bcCD0f8dCdf4026100,1
0x0b58DaE9441E44F0245230639D3Ea2D3BE549509,1
0x039aD6283cB87F8C63893266c467afff82e0780E,1
0x7A51171116cE6a59C133A9672227790A69858ec9,1
0xdAeB6799A4cA79BC55a37158b4ee8a706f075c94,1
0xD62fa1BA22C952E760E00713A792d3360F9Ac207,1
0xEBCE6930862F89f9B0834E1Ac932E6d01D0a34A2,1
0xA5B53F548236270b9FDf65E2A4f927b3e318CC3E,1
0xA48dDADDE4a32da2b185BFfAFb54C94642655e64,1
0x7da291dE97F0a87798A98abc516c93C55dCD6664,1
0x041be10eb86a330B8A6fC73c610fdf6196753ee7,1
0x6C612b823A449c4F46BA23199C166E09aB7eF3f7,1
0x57b25Be9587f2977AeA0B989418B5c96D9C16659,1
0xEA174b266f82786B3ccC2d123CE82bF7d78Fc032,1
0x7d620BD1225988Da4Eb5B371BD1AC201CD58535B,1
0x2AE8AEED84ED37b7f971dC0E626653dC7384eC49,1
0x9D7aE33548E407fD45754F303002cAfed3c5708C,1
0x844c96c1925bdB358eC5eBFB83b0EFF99af2D3d7,1
0x0185080E4A3cc98DCd527719Ca0dAC91075725ae,1
0x027515093F08d15ef9e8c27E3fdC47DcAE46F099,1
0x29284f969f54FF996095113Cdf5d4C56d74Cc6eC,1
0x1A15fD297AcdC1C128d6E80A9223910b6C63effa,1
0x0C45FccD447012DDc4aCaF335D77adb546468008,1
0x790d5818D56F5a7a8e214A42797752822117BF3D,1
0xE1A9817D121F4DdEDefB7dcc4712524d60dF121a,1
0xe7E8270146a59F9cCbbB3478C7ba66e5c37e4024,1
0xfF6C29aF0b8619580F7dB1B74203a1264E8CdBaC,1
0xedE4C8228fD1DBd0DebA813812ef69E0DB7c81B3,1
0x7bd721A4Fd682E2EebdFa658f3EC9EFC141D8EFf,1
0x9e35Da209b7b1410e00A5E6349462D343D934E90,1
0x054DAd3032f173B1618aB046e7956Da87d114011,1
0x9fc9e4836fFFD5c8c8333e814288E4344A1eFB44,1
0x67075394E3D26E56c575918E268B020a93fb60c0,1
0x85fCE01C023094a1100Baa03c85c2553b62db4AB,1
0x9E3DCd56b2c8E611c70CD9661112c5726f119C67,1
0xF604160b1F74b5dE6dB22ca107b933F48dB0ED1D,1
0xe5c8cAA287E25F6f5b557437BEb0354d1bbfaC14,1
0x1dCeF2678665bDDFe7fCD831077dfF507aFBa81b,1
0x8f58069A7ce18fB8E741cF2138f09E6ccC14ddD8,1
0x8A438D4F1b4646C50f9D70f7F066D44d96919A7F,1
0x50044829AA3994799000400fAbEc8c31fAA81237,1
0xE4a090d0f94C384e8b69beaeC1c7CeE33921BB81,1
0x69AfC37368e8bC49101A4e4Dc2B5bf9a9E51E0a1,1
0x0aa037390619Ecb58974A983131986210cd03dF5,1
0x0d9eDA10B9256eA21E11d1bA99f9841Beeab4cbB,1
0xa1d436EC4C2F2B74005b53bfc8AfE89f7Dc54514,1
0x6B008e74F2cFC661BaBBA620e319B4778216a8fA,1
0x189962bb90b207b542De4FBA988a4671b0C702a8,1
0x61ce493Dd9205006fA8fE568FDFa57b4Ea561AC4,1
0xDdAfC3Bcde71b1f2f8220068C70555d257B4484B,1
0x4CFafc36Ad78ea619f5d6672c8C046706FfD7372,1
0xC03fe5A6a856adcb1b2A1f3080D44888F47385CD,1
0x8fEF28c057eE366d77B3C0BB7b495aD4527Ab589,1
0x60B1F7fa206d8e5f99B87a33cfC00FE42d39FEec,1
0x8C6d90E336800465A8375f3B31F3891a18B25767,1
0xb19bE0E2150b3bb666CAE47cBb413FBd7D010793,1
0x0B20f18758FcC28E7Ef3AdF062f49359c2d387A5,1
0x9a74b7309Fa91c9a0DeFe6a5a97bA2E361e8CFd1,1
0xD89B835e9064D5f623F720bA368232D3C0a42886,1
0x61562205b045681241079bcF1a0eB69D6A968290,1
0xc04f463B5f7c42698608ef023eb6bdADC0261865,1
0x6538EB5930d2dC7e0de7ea66F7f055E3EE84fA6B,1
0x7fb2149160FC18a24Df11F9712036801Ed697d20,1
0x5640b69884608871D31B0B8aBE5Be8386AAbA9F6,1
0x8f41df459873D0652a33Fe63757dA5C20AC61FC5,1
0x08E10aA1b1ED92C986A6a27f78BB5d5b82686447,1
0x5728fa301B1BCAe8F0Df18e7A3Fd93BBA09E4d43,1
0xe7D02a35E8FD19307ED8380B57B33F64821A6EE5,1
0x1935d4330df2Ab3948870B25B2DBF507e33DbB10,1
0xFC229a68756ca9f22505242c8C177B44FfEd5aA5,1
0x97344076fabed8eE710cEF650F4b67890590a6f5,1
0x30C5f56f618d28c7Ae66bE74391Ce7a1d04416e9,1
0x90729C2e72C2B1bdA7EA42042fc6C75eC09F0e68,1
0x23cC7D34433da580257DC753473b85C0785F07e6,1
0x94C179c996A2DC1dF47c3D133eeB0f4a8D72693A,1
0xd1b07036a1bf286557276fa1546f3e719d0DF67c,1
0x5ffA88e100198BE631215b4d99445c3d0Af26E06,1
0x3c5f38C056288f372dCb3Ac92cA7cD18dEc33fAA,1
0xB013C1DE3c01b50AD41Fa215Ab5Fb73d26E2Fa5a,1
0x42B3aef9A1B687ABe30CDA2333ee734284678881,1
0x6dD713c156Bf17E241B4bF219166d75E0eA5c15c,1
0xcB8A5B58167471C6dC8de7B6C7706731D624367D,1
0x06C31DeD446DC2FbE7e905Dda64eFd84CCaC4546,1
0x8B8c5d0445e47d77b00675b21Ee895dEFA7bFaA3,1
0x16986D1b0fB4BD9Ac0Fe5D68c97A13f04F252c28,1
0x349ac7eE3DE37cdcA1759578Bc6faC2c7BFdD43C,1
0x426c9E8a9D97D0cD3E129F96Fa9F65886aC03323,1
0x12FC6560C1f1ECDD34A5C3bA53C06d7786637559,1
0xDbc6558AF631b6BE7706aab07945dc3efDe2e403,1
0x89CfA684dCa2B82eace42791128449266696fBA6,1
0x3f6F1521AA00A9F8Af30B47DA929d9F16BF9FD3c,1
0x80a780D01393BA5Af6654B19d1E43505D638E48B,1
0x81868523bB103d25139b2A35987cF1e76681D0e9,1
0x8b7BE54904Dc0706D230186D1F8a97C8CC1f9fd3,1
0xE6424FB18613eE6ff7fBFCD3744651299Af0cF60,1
0xbB02164d4172924bB700ED815424a4563b841d53,1
0x2a231260669c1df1899D84b3c9c96e87E72343bF,1
0x993dBb96b2ECD1261f814176e626Ac4eb784e5C9,1
0xA9c92B8BF39BbCc993D33AfED36e1ee19A12A07E,1
0xCF0898AFE4f9188833FE23963D08343036003cf2,1
0x3dA653cF1F8884A2e32496b6ee9764B31bbc4aA4,1
0x0f5Bf5C9e4A71Aa3aA169D342FA92B932cbf33c0,1
0x1326cfA027c77D5DF1BBC3C2c8E602Aca3D157E5,1
0xE117642851BAA82B37327210adA323E3439AaC3b,1
0xCE233AfF288895CD8Cf5311261b0f984c34616c8,1
0x8FE0029e4aD07a5f6cb439171A964872E4b44a33,1
0x6bFBfe1Ca00560e90268c06C4baC9bb8d181A02A,1
0x45b446f49a31bAeBf10715288a29297e46a82655,1
0xe59f57c91bB2684796167eCa78dC6AeeEFa49cD8,1
0x4325DA15ABbEee01C1AE8E18e6cBc09210F43577,1
0xb23527cfa2483a36d9fEb70B2AE2399c724FDA08,1
0xa5BC6af7e8902aeA6002Ca8a2b34CB0B2DD46194,1
0xe38BA77385058c86FbC86847f81eA0201b1D6FE1,1
0x1FAb427eE35934b20Cfb9bD89442e16c8e80a70F,1
0x8566EefDa9CC5F878f51E5D0951466Cbd1E96E18,1
0x827a399Bd350F25B6bF9F82424D2b8F9F9252d24,1
0xb090fFabf289d905Af8E2D5E27468Ff9993d9DC7,1
0x6C650c4D4aCA3dB9094bf749616F001f9a9dd94E,1
0x400c43ECd929fBb021Bd59bc2D746D1d6dB3CcC5,1
0xA2A83D5e03EaCe166c5D191Dcbe1bbd8DdF244aE,1
0x3b0f3CFBBBD9402cB95391FE6a1BC64267dB4F07,1
0x45F999e5b16d05f8A235bd24Fc04Ed8A989C8006,1
0x3955Ff5d6507D4bf88528F6c55f65317180970ce,1
0x3d985EAa22783658f262fB80e67abb4F4B444AEE,1
0x64164Dfb6c955d5005a83449b0A21E4bB407e7A8,1
0x61956c07e2499d10a36b01E73bdf56B97Efb63AD,1
0xD015dE2C1b4e1C1eA335a36F74C04C58A2312410,1
0x8F4B13261E0Cd1Da8403407cB45f65E616b6C8cD,1
0x88E3378dfb5463A0d151F802a48A104698e90e3D,1
0xC2dfdc7e76c679c0C8B51668dC2c73d51C11030C,1
0x430114afA534389aC1062ED302452d867E58F1c9,1
0x1d363C704027828C12D052129EACeDF53f9f5c1d,1
0x59D16389335147E034aA1238cA043Cba907f79Dd,1
0xf528c69DD8ed04Cf2736A6935b7B16e0e9420826,1
0x4D4A3B48C88d78E51E43398cdAC4FA2A63127bFe,1
0x368b3A0Cb7b148CFE584E26100c4AEf22a956986,1
0x07f6b32B0356Fb4893a4C79fc451A4A85eF0A399,1
0xa23B63f376418001bbD476a71e4DE6e5AD39597E,1
0x78B98eDA56D17924DE3d170C85f6837489239B2B,1
0x82D51e44CEB0Bd7B9E325555F7Cbd3aB5e3933Ea,1
0x46B9ac65981bb27A2648FB88105b557Fa3a5F507,1
0xDc3DAb488ea98854c0CeFe145D840ed090406075,1
0x77F83527e19E0779b35d1a46f06D6a567e28adF9,1
0x872a358E9420dC315762dD7aE82b23282CFc83E6,1
0x271f680f35bFd948B9D979C753771933704f1D03,1
0xf3d81E36029481904c286A70dD550105549461f6,1
0xf7200f7a475b53446A10421DEa95299fA9319A85,1
0xE5531c8f0DB068a82337A90BF2a72bD5e1156657,1
0x834ba8c607A7D7e11C11d35668A316f21a1a023A,1
0x6fbEcea04ba205838f5fDde01381C2a01533E70f,1
0x86C0A96B75F714383d2401B35F4600572B9C80AB,1
0x3562A6167F98fA9e5EeD07E8722848387EBF8E21,1
0xe0BC6d84C909fdF0521eD6Ef2ba7683cb8d09DCe,1
0x6182404a9AdD8563c87BAed138d47C98655078A7,1
0x3697D209b0CbAF5C7405c00DdD287ed1DA26DC91,1
0x9e98385C62Da016c56B48eEcCD9898EdCb66351A,1
0x01214bC64f516976e946956fD30c9471383bC2aa,1
0x987f202c55E7CCEbac7345B488879dD24fe47f3F,1
0xa281089C0bBF476381913bc00a47A1fD92819dd5,1
0x6280aEB92C12ef44e04a053d3d23E563b4217382,1
0x0Dc3B93468688272d6864380FfF989eB9Dc023d6,1
0xE49C85E5f5189653e4c9e4331067D99AE8f06CA0,1
0x6E7e6Aa571ff7228b96044DD1802DEEA713d4371,1
0x90c878CE39208E58477EE6BF4ba1c8B24d9b361A,1
0x015957448257531Dc7E7240E54e4526Be73E3AEE,1
0x0f5AfF589ee6b64514706000ad3fB2943b0EAF4B,1
0xD9a3169DE7B703b418C89ED82A38137B6f1545e2,1
0xCf95fbe72cAb6E0606D9Bd2Ce44968E46441e9db,1
0xded645597C1b545a29210d3f9aa471cdC26c5680,1
0x6915A4D99A59141A9c92C07c130318388D0Ab3ED,1
0x7ec798d8E7E7CD308fe0221B69c2CA50C64B9bb9,1
0xb6936f5790cabC64772bc3b15ba9F7Ef73cCbf29,1
0xF993D5474Cd607e26B57E1dE1556bee36De2D0e9,1
0xa74865d18eA141f362b829E10Cab43fE3c35E930,1
0x9aef10ab3E3E4739A260A36565cb5ac2f583D0B2,1
0x13257E056112D578414e5d291926c9D684d5D9eF,1
0x92123A370361CF44e12a296149b8407ec0503CD7,1
0x4A68EC6c84d36c3f2f931e5694710cA3F10640b8,1
0x38126C9C69c5cB25b93c637bE43F66fBad18510D,1
0x7a245a2181A14348B7168FCA5cf396ff9D56f809,1
0x0b4A195FE75115ed4a7b9A137fEb7F050cA48031,1
0x6d95b329944c630Fe5538167B905791b2b638675,1
0xdEFc1c99CAca0db439b6c363fA4444E1D0ba464c,1
0x980d55eDf335E7c82a3E9B0492F5E1FE28FCdf22,1
0x5468A1b10A1d57bfA4f8619C4A9eF37bD401C8df,1
0x4396c4B4Dd6aA344f722386132950070f6a46bDD,1
0xd5f45f468583217c70Dfe7a7e08746F6c8FB179E,1
0x37B1AdeFb59BB32837c6F3600127CFe9a5EF6cCA,1
0xE8AA77B6Fc1a2730A93697c053eDaA97dAfad1EA,1
0x9A34F2093c5874317E717E633c87981D094e6a33,1
0xf283f6Fcfa2312F3C35359D3686Fe6195E440479,1
0xF6F5C3fA8C9ef5A243aF69a2E110B695AB96af3d,1
0xd70F965cA972818A4a57525142eFa0aaC44Dfc91,1
0xd982E2360f4De49CEF393909539684bc4F205854,1
0x2B6ca93e927888039a03F1FdCd3cc834d19925DE,1
0x1eb4b35b6aFbf666723353b905628Af039c78C09,1
0x7041e52d820C0dbbd1eA7068ae4a0DF77dC4adc4,1
0x5CBE26504d69c7C206D18a740fe853Dcd8F0BA8C,1
0x53D0D29b5bABDDB0284624D25aBd0F482a09F81b,1
0x7dDE1602c49eC9d99BD6b6AB2d92E22DA7810b71,1
0x192B6354E05503211c05E8f201D441c0F29Fbe3d,1
0xFbF85c6344057eE3c9FbF763Cadd861e4d9D9C98,1
0xd8F9d75a56859E995257469d6120818d38a4eE02,1
0xc62597aF33d124A89821ffF9682d49e21Fa8AFc3,1
0x49dd5b97D6648a7740Ca2eDC65dA6Bb849e4B11c,1
0x516b59d42268D1fB89792c0Fe7339E12665C9453,1
0x6d9eE750e763862E248DfFA9703ba36e32cE8C0B,1
0xdaF21f14968F451C631bC1b0f92BAA233b6Be02e,1
0xc6b9A44D6C3A2C38b82538145A85E9C4227207C4,1
0xAA329C5EfA7337d02A768c7B3C22367E2dbeDE2e,1
0x26C30e9398CBf05Ce89E818f330A44D0CFDA7485,1
0x08394715D20A6f9DC412050edd3B9e1760ad314c,1
0x8408233D31B360793E95b9ec312Eb25221e24EbB,1
0x88fbaF3594F7Eb34ad796b5b62914E39c0091B8a,1
0x00313906d6e10c6dD840EC2805D1057fA9847f09,1
0x1F3d6Aa49D3eAF9f37878888216c72FebE37F753,1
0xF924F11B6DCc5d4A64Cc4b6d9b512be617308449,1
0x79c758cEcDE838e7E49E9FC29e822E1E8F795b5b,1
0xdCCeC52cEe2B6c80dA03ea48533DD5DD0F0CBa92,1
0x24c589954A62Cbc60E9E8e3820a80A4949805942,1
0x18cD07787D34420be5db5f084196e62123Ea50e6,1
0x00fb6C85fFCa2C2D4942368b23F8dBC376dbA92c,1
0x46E550701126382978cd460C55229Eb72ad3dD52,1
0xE261F37c5Dbaa505E0a4C526F81dfa91fCD83D6a,1
0x37FABc98f5A0327159bfdFaA42D5eceb8736f4B1,1
0xaE9Ab968745FA4c92DD784A4a00A53BEB644d406,1
0xB4216E77ECaba14419b3EC344674b1EB0B247717,1
0xf6a39754ab1a18D19d2cF01dd1941c4b0D2bCF15,1
0x21aDafAA34d250a4fa0f8A4d2E2424ABa0cEE563,1
0xB4DCD994D9361b3A6cCa338CbAB87801D6427c57,1
0xcEC45A7f67581341a1313F3A8027F773C4D68aBa,1
0xa81D9Ae27cBe04a761d375Df8252f7AbB8F925Fe,1
0xA107f8656F8BB7B5f4928F6e3bF22b7e97A9347B,1
0xDcd6426ac17FC77815ffB00a44E28B41C6516699,1
0x929013FE1405A7849fe899fF95EC2e9F15b1C182,1
0x8Ee94E820E7e898f47ac934A755d7382D088Edd4,1
0x6f9cFAccA63145c906fAE462433Aa1d1F147eec9,1
0x46dDcDFB50b6ff0A0765a341F1bDb10B88E39803,1
